site;depth;ID;size;distance;part
Moorea_2;6;235;0.876;0.425;apical
Moorea_2;6;235;0.923;0.292;apical
Moorea_2;6;235;0.878;0.234;apical
Moorea_2;6;235;0.709;0.161;apical
Moorea_2;6;235;0.849;0.163;apical
Moorea_2;6;235;0.98;0.105;apical
Moorea_2;6;235;0.936;0.137;apical
Moorea_2;6;235;0.915;0.18;apical
Moorea_2;6;235;0.675;0.167;apical
Moorea_2;6;235;0.796;0.269;apical
Moorea_2;6;235;0.711;0.343;basal
Moorea_2;6;235;0.784;0.399;basal
Moorea_2;6;235;0.627;0.315;basal
Moorea_2;6;235;0.523;0.394;basal
Moorea_2;6;235;0.659;0.25;basal
Moorea_2;6;235;0.74;0.593;basal
Moorea_2;6;235;0.858;0.457;basal
Moorea_2;6;235;0.735;0.632;basal
Moorea_2;6;235;0.711;0.217;basal
Moorea_2;6;235;0.6034;0.564;basal
Moorea_2;6;237;0.834;0.112;apical
Moorea_2;6;237;0.727;0.173;apical
Moorea_2;6;237;0.888;0.125;apical
Moorea_2;6;237;0.608;0.168;apical
Moorea_2;6;237;0.669;0.365;apical
Moorea_2;6;237;0.722;0.0852;apical
Moorea_2;6;237;0.931;0.137;apical
Moorea_2;6;237;0.68;0.0708;apical
Moorea_2;6;237;0.779;0.116;apical
Moorea_2;6;237;0.625;0.106;apical
Moorea_2;6;237;0.63;0.285;basal
Moorea_2;6;237;0.631;0.48;basal
Moorea_2;6;237;0.526;0.3;basal
Moorea_2;6;237;0.658;0.298;basal
Moorea_2;6;237;0.726;0.494;basal
Moorea_2;6;237;0.6;0.258;basal
Moorea_2;6;237;0.625;0.357;basal
Moorea_2;6;237;0.757;0.341;basal
Moorea_2;6;237;0.629;0.7;basal
Moorea_2;6;237;0.62;0.402;basal
Moorea_2;6;238;0.678;0.163;apical
Moorea_2;6;238;0.485;0.0789;apical
Moorea_2;6;238;0.554;0.14;apical
Moorea_2;6;238;0.604;0.143;apical
Moorea_2;6;238;0.566;0.126;apical
Moorea_2;6;238;0.582;0.0934;apical
Moorea_2;6;238;0.538;0.141;apical
Moorea_2;6;238;0.737;0.188;apical
Moorea_2;6;238;0.604;0.126;apical
Moorea_2;6;238;0.651;0.207;apical
Moorea_2;6;238;0.761;0.403;basal
Moorea_2;6;238;0.614;0.494;basal
Moorea_2;6;238;0.692;0.404;basal
Moorea_2;6;238;0.646;0.618;basal
Moorea_2;6;238;0.636;0.617;basal
Moorea_2;6;238;0.605;0.398;basal
Moorea_2;6;238;0.706;0.664;basal
Moorea_2;6;238;0.643;0.315;basal
Moorea_2;6;238;0.718;0.464;basal
Moorea_2;6;238;0.588;0.26;basal
Moorea_2;6;239;0.998;0.108;apical
Moorea_2;6;239;1.02;0.134;apical
Moorea_2;6;239;0.716;0.267;apical
Moorea_2;6;239;0.739;0.224;apical
Moorea_2;6;239;1.01;0.266;apical
Moorea_2;6;239;0.583;0.352;apical
Moorea_2;6;239;0.623;0.407;apical
Moorea_2;6;239;0.874;0.0934;apical
Moorea_2;6;239;0.83;0.298;apical
Moorea_2;6;239;0.707;0.399;apical
Moorea_2;6;239;0.555;0.23;basal
Moorea_2;6;239;0.565;0.52;basal
Moorea_2;6;239;0.683;0.684;basal
Moorea_2;6;239;0.652;0.367;basal
Moorea_2;6;239;0.704;0.464;basal
Moorea_2;6;239;0.599;0.464;basal
Moorea_2;6;239;0.639;0.344;basal
Moorea_2;6;239;0.612;0.412;basal
Moorea_2;6;239;0.687;0.264;basal
Moorea_2;6;239;0.677;0.358;basal
Moorea_2;6;240;0.546;0.152;apical
Moorea_2;6;240;0.652;0.178;apical
Moorea_2;6;240;1.02;0.0978;apical
Moorea_2;6;240;0.795;0.189;apical
Moorea_2;6;240;0.731;0.271;apical
Moorea_2;6;240;0.536;0.108;apical
Moorea_2;6;240;0.907;0.221;apical
Moorea_2;6;240;0.656;0.111;apical
Moorea_2;6;240;1.01;0.0762;apical
Moorea_2;6;240;0.751;0.0888;apical
Moorea_2;6;240;0.53;0.448;basal
Moorea_2;6;240;0.663;0.269;basal
Moorea_2;6;240;0.6;0.273;basal
Moorea_2;6;240;0.677;0.256;basal
Moorea_2;6;240;0.701;0.689;basal
Moorea_2;6;240;0.652;0.78;basal
Moorea_2;6;240;0.618;0.31;basal
Moorea_2;6;240;0.846;0.363;basal
Moorea_2;6;240;0.953;0.493;basal
Moorea_2;6;240;0.774;0.299;basal
Moorea_2;40;128;0.641;0.159;apical
Moorea_2;40;128;0.702;0.208;apical
Moorea_2;40;128;0.755;0.151;apical
Moorea_2;40;128;0.748;0.166;apical
Moorea_2;40;128;0.696;0.239;apical
Moorea_2;40;128;0.736;0.13;apical
Moorea_2;40;128;0.792;0.167;apical
Moorea_2;40;128;0.774;0.13;apical
Moorea_2;40;128;0.848;0.114;apical
Moorea_2;40;128;0.916;0.223;apical
Moorea_2;40;128;0.607;0.6;basal
Moorea_2;40;128;0.679;0.485;basal
Moorea_2;40;128;0.884;1.03;basal
Moorea_2;40;128;0.914;0.524;basal
Moorea_2;40;128;1.06;0.577;basal
Moorea_2;40;128;0.764;1.02;basal
Moorea_2;40;128;0.665;1.12;basal
Moorea_2;40;128;0.664;0.554;basal
Moorea_2;40;128;0.699;0.39;basal
Moorea_2;40;128;0.959;0.372;basal
Moorea_2;40;140;0.69;0.276;apical
Moorea_2;40;140;0.741;0.0865;apical
Moorea_2;40;140;0.983;0.156;apical
Moorea_2;40;140;0.956;0.115;apical
Moorea_2;40;140;0.815;0.183;apical
Moorea_2;40;140;0.895;0.155;apical
Moorea_2;40;140;0.961;0.155;apical
Moorea_2;40;140;0.779;0.22;apical
Moorea_2;40;140;0.825;0.119;apical
Moorea_2;40;140;0.799;0.376;apical
Moorea_2;40;140;0.739;0.339;basal
Moorea_2;40;140;0.755;0.418;basal
Moorea_2;40;140;0.662;0.612;basal
Moorea_2;40;140;0.706;0.392;basal
Moorea_2;40;140;0.71;0.677;basal
Moorea_2;40;140;0.498;0.652;basal
Moorea_2;40;140;0.657;0.334;basal
Moorea_2;40;140;0.593;0.677;basal
Moorea_2;40;140;0.57;0.55;basal
Moorea_2;40;140;0.72;0.427;basal
Moorea_2;40;143;0.808;0.105;apical
Moorea_2;40;143;0.853;0.181;apical
Moorea_2;40;143;0.805;0.14;apical
Moorea_2;40;143;0.862;0.199;apical
Moorea_2;40;143;0.739;0.164;apical
Moorea_2;40;143;0.721;0.169;apical
Moorea_2;40;143;0.842;0.124;apical
Moorea_2;40;143;0.884;0.112;apical
Moorea_2;40;143;0.764;0.116;apical
Moorea_2;40;143;0.696;0.228;apical
Moorea_2;40;143;0.997;0.731;basal
Moorea_2;40;143;0.909;0.711;basal
Moorea_2;40;143;0.703;0.813;basal
Moorea_2;40;143;0.864;1.06;basal
Moorea_2;40;143;1.02;0.717;basal
Moorea_2;40;143;0.833;0.564;basal
Moorea_2;40;143;0.689;1.11;basal
Moorea_2;40;143;0.584;0.868;basal
Moorea_2;40;143;0.792;0.849;basal
Moorea_2;40;143;0.751;0.807;basal
Moorea_2;40;172;0.842;0.143;apical
Moorea_2;40;172;0.734;0.104;apical
Moorea_2;40;172;0.864;0.371;apical
Moorea_2;40;172;0.612;0.341;apical
Moorea_2;40;172;0.858;0.345;apical
Moorea_2;40;172;0.937;0.407;apical
Moorea_2;40;172;0.827;0.236;apical
Moorea_2;40;172;0.786;0.228;apical
Moorea_2;40;172;0.829;0.252;apical
Moorea_2;40;172;0.771;0.216;apical
Moorea_2;40;172;0.749;0.901;basal
Moorea_2;40;172;0.767;0.583;basal
Moorea_2;40;172;0.795;0.423;basal
Moorea_2;40;172;0.78;0.646;basal
Moorea_2;40;172;0.657;0.43;basal
Moorea_2;40;172;0.744;0.539;basal
Moorea_2;40;172;0.683;0.519;basal
Moorea_2;40;172;0.886;0.742;basal
Moorea_2;40;172;0.73;0.23;basal
Moorea_2;40;172;0.813;0.23;basal
Moorea_2;60;108;0.989;0.398;apical
Moorea_2;60;108;0.949;0.338;apical
Moorea_2;60;108;0.869;0.105;apical
Moorea_2;60;108;0.767;0.386;apical
Moorea_2;60;108;0.923;0.193;apical
Moorea_2;60;108;0.979;0.185;apical
Moorea_2;60;108;0.852;0.291;apical
Moorea_2;60;108;0.85;0.246;apical
Moorea_2;60;108;0.955;0.257;apical
Moorea_2;60;108;0.741;0.121;apical
Moorea_2;60;108;0.749;0.616;basal
Moorea_2;60;108;0.674;0.566;basal
Moorea_2;60;108;0.814;0.611;basal
Moorea_2;60;108;0.691;0.99;basal
Moorea_2;60;108;0.691;0.51;basal
Moorea_2;60;108;0.939;0.397;basal
Moorea_2;60;108;0.832;0.619;basal
Moorea_2;60;108;0.751;0.564;basal
Moorea_2;60;108;0.712;0.683;basal
Moorea_2;60;108;0.88;1.02;basal
Moorea_2;60;146;0.76;0.317;apical
Moorea_2;60;146;0.842;0.204;apical
Moorea_2;60;146;0.89;0.134;apical
Moorea_2;60;146;0.83;0.244;apical
Moorea_2;60;146;0.801;0.319;apical
Moorea_2;60;146;0.707;0.379;apical
Moorea_2;60;146;0.836;0.794;apical
Moorea_2;60;146;0.883;0.3;apical
Moorea_2;60;146;0.88;0.141;apical
Moorea_2;60;146;0.874;0.197;apical
Moorea_2;60;146;0.616;0.544;basal
Moorea_2;60;146;0.659;0.574;basal
Moorea_2;60;146;0.78;0.585;basal
Moorea_2;60;146;0.544;0.591;basal
Moorea_2;60;146;0.661;1.08;basal
Moorea_2;60;146;0.636;0.655;basal
Moorea_2;60;146;0.725;0.295;basal
Moorea_2;60;146;0.635;0.968;basal
Moorea_2;60;146;0.756;0.825;basal
Moorea_2;60;146;0.789;1.1;basal
Moorea_2;60;163;0.849;0.174;apical
Moorea_2;60;163;0.822;0.108;apical
Moorea_2;60;163;0.806;0.167;apical
Moorea_2;60;163;0.864;0.275;apical
Moorea_2;60;163;0.899;0.186;apical
Moorea_2;60;163;0.85;0.213;apical
Moorea_2;60;163;0.839;0.239;apical
Moorea_2;60;163;0.762;0.185;apical
Moorea_2;60;163;0.896;0.374;apical
Moorea_2;60;163;0.89;0.198;apical
Moorea_2;60;163;0.561;0.61;basal
Moorea_2;60;163;0.6;0.423;basal
Moorea_2;60;163;0.728;0.752;basal
Moorea_2;60;163;0.651;0.644;basal
Moorea_2;60;163;0.701;0.553;basal
Moorea_2;60;163;0.784;0.375;basal
Moorea_2;60;163;1;0.954;basal
Moorea_2;60;163;0.766;0.762;basal
Moorea_2;60;163;0.643;0.61;basal
Moorea_2;60;163;0.645;0.681;basal
Moorea_2;60;165;0.886;0.202;apical
Moorea_2;60;165;0.818;0.165;apical
Moorea_2;60;165;0.764;0.279;apical
Moorea_2;60;165;0.92;0.189;apical
Moorea_2;60;165;0.787;0.154;apical
Moorea_2;60;165;0.871;0.164;apical
Moorea_2;60;165;0.976;0.172;apical
Moorea_2;60;165;0.949;0.214;apical
Moorea_2;60;165;0.912;0.272;apical
Moorea_2;60;165;0.888;0.217;apical
Moorea_2;60;165;0.549;0.597;basal
Moorea_2;60;165;0.549;0.614;basal
Moorea_2;60;165;0.565;0.281;basal
Moorea_2;60;165;0.693;1.04;basal
Moorea_2;60;165;0.694;0.559;basal
Moorea_2;60;165;0.598;0.594;basal
Moorea_2;60;165;0.569;0.391;basal
Moorea_2;60;165;0.59;0.983;basal
Moorea_2;60;165;0.584;0.402;basal
Moorea_2;60;165;0.698;1.07;basal
Moorea_2;60;166;0.905;0.255;apical
Moorea_2;60;166;0.928;0.275;apical
Moorea_2;60;166;0.937;0.413;apical
Moorea_2;60;166;0.895;0.201;apical
Moorea_2;60;166;0.997;0.233;apical
Moorea_2;60;166;0.972;0.313;apical
Moorea_2;60;166;0.846;0.184;apical
Moorea_2;60;166;0.941;0.265;apical
Moorea_2;60;166;0.915;0.134;apical
Moorea_2;60;166;0.911;0.18;apical
Moorea_2;60;166;0.936;0.552;basal
Moorea_2;60;166;0.906;0.453;basal
Moorea_2;60;166;0.871;0.206;basal
Moorea_2;60;166;0.757;0.575;basal
Moorea_2;60;166;0.86;0.501;basal
Moorea_2;60;166;0.934;0.683;basal
Moorea_2;60;166;0.959;0.443;basal
Moorea_2;60;166;0.789;1.13;basal
Moorea_2;60;166;1;0.755;basal
Moorea_2;60;166;0.697;1.05;basal
Moorea_2;60;167;0.873;0.28;apical
Moorea_2;60;167;0.77;0.476;apical
Moorea_2;60;167;0.87;0.203;apical
Moorea_2;60;167;0.806;0.244;apical
Moorea_2;60;167;0.785;0.29;apical
Moorea_2;60;167;0.796;0.209;apical
Moorea_2;60;167;0.903;0.221;apical
Moorea_2;60;167;0.963;0.191;apical
Moorea_2;60;167;0.87;0.224;apical
Moorea_2;60;167;1;0.166;apical
Moorea_2;60;167;0.864;0.872;basal
Moorea_2;60;167;0.771;0.637;basal
Moorea_2;60;167;0.769;0.569;basal
Moorea_2;60;167;0.66;0.685;basal
Moorea_2;60;167;0.799;0.625;basal
Moorea_2;60;167;0.711;0.518;basal
Moorea_2;60;167;0.591;0.859;basal
Moorea_2;60;167;0.672;0.621;basal
Moorea_2;60;167;0.787;0.774;basal
Moorea_2;60;167;0.876;1.56;basal
Moorea_2;60;168;0.928;0.207;apical
Moorea_2;60;168;0.92;0.0819;apical
Moorea_2;60;168;0.756;0.217;apical
Moorea_2;60;168;0.88;0.179;apical
Moorea_2;60;168;0.661;0.254;apical
Moorea_2;60;168;0.844;0.159;apical
Moorea_2;60;168;0.922;0.119;apical
Moorea_2;60;168;0.866;0.146;apical
Moorea_2;60;168;0.958;0.0791;apical
Moorea_2;60;168;0.885;0.205;apical
Moorea_2;60;168;0.828;0.298;basal
Moorea_2;60;168;0.975;0.657;basal
Moorea_2;60;168;0.926;0.489;basal
Moorea_2;60;168;0.905;0.634;basal
Moorea_2;60;168;0.762;0.656;basal
Moorea_2;60;168;0.974;0.924;basal
Moorea_2;60;168;0.912;0.549;basal
Moorea_2;60;168;0.764;0.635;basal
Moorea_2;60;168;0.856;0.829;basal
Moorea_2;60;168;0.777;0.962;basal
Moorea_2;60;169;0.78;0.092;apical
Moorea_2;60;169;0.839;0.271;apical
Moorea_2;60;169;0.694;0.193;apical
Moorea_2;60;169;0.748;0.371;apical
Moorea_2;60;169;0.673;0.101;apical
Moorea_2;60;169;0.748;0.152;apical
Moorea_2;60;169;0.695;0.557;apical
Moorea_2;60;169;0.809;0.158;apical
Moorea_2;60;169;0.903;0.421;apical
Moorea_2;60;169;0.873;0.18;apical
Moorea_2;60;169;0.643;0.701;basal
Moorea_2;60;169;0.489;0.717;basal
Moorea_2;60;169;0.655;0.727;basal
Moorea_2;60;169;0.823;0.603;basal
Moorea_2;60;169;0.794;0.608;basal
Moorea_2;60;169;0.606;0.914;basal
Moorea_2;60;169;0.701;0.743;basal
Moorea_2;60;169;0.707;0.682;basal
Moorea_2;60;169;0.721;1.01;basal
Moorea_2;60;169;0.722;0.811;basal
Bora_2;6;1019;0.667;0.256;apical
Bora_2;6;1019;0.703;0.267;apical
Bora_2;6;1019;0.857;0.209;apical
Bora_2;6;1019;0.802;0.322;apical
Bora_2;6;1019;0.81;0.186;apical
Bora_2;6;1019;0.753;0.196;apical
Bora_2;6;1019;1.19;0.211;apical
Bora_2;6;1019;0.961;0.124;apical
Bora_2;6;1019;0.937;0.311;apical
Bora_2;6;1019;0.934;0.121;apical
Bora_2;6;1019;0.531;0.509;basal
Bora_2;6;1019;0.603;0.432;basal
Bora_2;6;1019;0.63;0.547;basal
Bora_2;6;1019;0.637;0.954;basal
Bora_2;6;1019;0.64;0.699;basal
Bora_2;6;1019;0.722;0.723;basal
Bora_2;6;1019;0.731;0.583;basal
Bora_2;6;1019;0.521;0.397;basal
Bora_2;6;1019;0.593;0.368;basal
Bora_2;6;1019;0.684;0.251;basal
Bora_2;6;1020;0.747;0.144;apical
Bora_2;6;1020;0.87;0.14;apical
Bora_2;6;1020;0.996;0.247;apical
Bora_2;6;1020;0.838;0.0841;apical
Bora_2;6;1020;0.805;0.149;apical
Bora_2;6;1020;0.806;0.12;apical
Bora_2;6;1020;0.962;0.0668;apical
Bora_2;6;1020;0.793;0.149;apical
Bora_2;6;1020;0.775;0.0649;apical
Bora_2;6;1020;0.862;0.171;apical
Bora_2;6;1020;0.923;0.313;basal
Bora_2;6;1020;0.885;0.73;basal
Bora_2;6;1020;0.855;0.561;basal
Bora_2;6;1020;0.755;0.374;basal
Bora_2;6;1020;0.7;0.45;basal
Bora_2;6;1020;0.634;0.3;basal
Bora_2;6;1020;0.669;0.454;basal
Bora_2;6;1020;0.884;0.378;basal
Bora_2;6;1020;0.776;0.335;basal
Bora_2;6;1020;0.96;0.487;basal
Bora_2;6;1021;0.729;0.106;apical
Bora_2;6;1021;0.897;0.158;apical
Bora_2;6;1021;0.743;0.255;apical
Bora_2;6;1021;0.849;0.292;apical
Bora_2;6;1021;1.02;0.2;apical
Bora_2;6;1021;0.642;0.169;apical
Bora_2;6;1021;0.922;0.195;apical
Bora_2;6;1021;0.762;0.192;apical
Bora_2;6;1021;0.983;0.132;apical
Bora_2;6;1021;0.83;0.152;apical
Bora_2;6;1021;0.943;0.424;basal
Bora_2;6;1021;0.866;0.487;basal
Bora_2;6;1021;0.814;0.493;basal
Bora_2;6;1021;0.529;0.553;basal
Bora_2;6;1021;0.714;0.389;basal
Bora_2;6;1021;0.883;0.425;basal
Bora_2;6;1021;0.566;0.387;basal
Bora_2;6;1021;0.81;0.47;basal
Bora_2;6;1021;1.06;0.488;basal
Bora_2;6;1021;0.687;0.332;basal
Bora_2;6;1022;0.595;0.32;apical
Bora_2;6;1022;0.798;0.25;apical
Bora_2;6;1022;0.787;0.0663;apical
Bora_2;6;1022;0.832;0.324;apical
Bora_2;6;1022;0.657;0.497;apical
Bora_2;6;1022;0.844;0.138;apical
Bora_2;6;1022;0.823;0.112;apical
Bora_2;6;1022;0.783;0.166;apical
Bora_2;6;1022;0.779;0.332;apical
Bora_2;6;1022;0.688;0.209;apical
Bora_2;6;1022;0.648;0.324;basal
Bora_2;6;1022;0.702;0.57;basal
Bora_2;6;1022;0.739;0.548;basal
Bora_2;6;1022;0.54;0.364;basal
Bora_2;6;1022;0.757;0.739;basal
Bora_2;6;1022;0.612;0.24;basal
Bora_2;6;1022;0.756;0.41;basal
Bora_2;6;1022;0.56;0.323;basal
Bora_2;6;1022;0.719;0.285;basal
Bora_2;6;1022;0.687;0.442;basal
Bora_2;6;1023;0.867;0.164;apical
Bora_2;6;1023;0.867;0.228;apical
Bora_2;6;1023;0.754;0.21;apical
Bora_2;6;1023;0.996;0.335;apical
Bora_2;6;1023;0.908;0.401;apical
Bora_2;6;1023;0.731;0.309;apical
Bora_2;6;1023;0.812;0.345;apical
Bora_2;6;1023;0.697;0.266;apical
Bora_2;6;1023;0.567;0.141;apical
Bora_2;6;1023;0.673;0.19;apical
Bora_2;6;1023;0.854;0.371;basal
Bora_2;6;1023;0.812;1.31;basal
Bora_2;6;1023;0.843;0.422;basal
Bora_2;6;1023;0.773;0.214;basal
Bora_2;6;1023;0.723;0.188;basal
Bora_2;6;1023;0.877;0.194;basal
Bora_2;6;1023;0.863;0.273;basal
Bora_2;6;1023;0.753;0.226;basal
Bora_2;6;1023;0.805;0.158;basal
Bora_2;6;1023;1.1;0.253;basal
Bora_2;6;1025;0.751;0.151;apical
Bora_2;6;1025;0.685;0.202;apical
Bora_2;6;1025;0.778;0.485;apical
Bora_2;6;1025;0.58;0.121;apical
Bora_2;6;1025;0.596;0.151;apical
Bora_2;6;1025;0.564;0.205;apical
Bora_2;6;1025;0.615;0.125;apical
Bora_2;6;1025;0.816;0.181;apical
Bora_2;6;1025;0.707;0.209;apical
Bora_2;6;1025;0.618;0.199;apical
Bora_2;6;1025;0.618;0.543;basal
Bora_2;6;1025;0.546;0.418;basal
Bora_2;6;1025;0.476;0.313;basal
Bora_2;6;1025;0.578;0.56;basal
Bora_2;6;1025;0.55;0.547;basal
Bora_2;6;1025;0.508;0.55;basal
Bora_2;6;1025;0.63;0.483;basal
Bora_2;6;1025;0.564;0.395;basal
Bora_2;6;1025;0.519;0.346;basal
Bora_2;6;1025;0.513;0.366;basal
Bora_2;40;1080;0.657;0.256;apical
Bora_2;40;1080;0.702;0.267;apical
Bora_2;40;1080;0.669;0.253;apical
Bora_2;40;1080;0.739;0.228;apical
Bora_2;40;1080;0.532;0.232;apical
Bora_2;40;1080;0.611;0.175;apical
Bora_2;40;1080;0.751;0.166;apical
Bora_2;40;1080;0.557;0.248;apical
Bora_2;40;1080;0.694;0.206;apical
Bora_2;40;1080;0.698;0.192;apical
Bora_2;40;1080;0.555;0.763;basal
Bora_2;40;1080;0.68;0.611;basal
Bora_2;40;1080;0.694;1.16;basal
Bora_2;40;1080;0.715;0.489;basal
Bora_2;40;1080;0.763;0.507;basal
Bora_2;40;1080;0.583;0.497;basal
Bora_2;40;1080;0.615;0.456;basal
Bora_2;40;1080;0.751;0.326;basal
Bora_2;40;1080;0.655;0.859;basal
Bora_2;40;1080;0.748;0.661;basal
Bora_2;40;1081;0.78;0.29;apical
Bora_2;40;1081;0.739;0.348;apical
Bora_2;40;1081;0.773;0.166;apical
Bora_2;40;1081;0.782;0.175;apical
Bora_2;40;1081;0.77;0.236;apical
Bora_2;40;1081;0.768;0.341;apical
Bora_2;40;1081;0.819;0.311;apical
Bora_2;40;1081;0.798;0.489;apical
Bora_2;40;1081;0.783;0.234;apical
Bora_2;40;1081;0.717;0.569;apical
Bora_2;40;1081;0.846;0.869;basal
Bora_2;40;1081;0.84;0.874;basal
Bora_2;40;1081;0.811;0.703;basal
Bora_2;40;1081;0.913;0.422;basal
Bora_2;40;1081;0.62;1.04;basal
Bora_2;40;1081;0.664;0.357;basal
Bora_2;40;1081;0.694;0.672;basal
Bora_2;40;1081;0.642;0.868;basal
Bora_2;40;1081;0.584;0.351;basal
Bora_2;40;1081;0.812;0.441;basal
Bora_2;40;1082;0.846;0.285;apical
Bora_2;40;1082;0.916;0.235;apical
Bora_2;40;1082;1.01;0.14;apical
Bora_2;40;1082;1.02;0.103;apical
Bora_2;40;1082;0.735;0.092;apical
Bora_2;40;1082;0.928;0.0789;apical
Bora_2;40;1082;1.18;0.122;apical
Bora_2;40;1082;1.09;0.175;apical
Bora_2;40;1082;1.06;0.155;apical
Bora_2;40;1082;0.837;0.153;apical
Bora_2;40;1082;0.757;0.779;basal
Bora_2;40;1082;0.902;0.281;basal
Bora_2;40;1082;0.699;0.654;basal
Bora_2;40;1082;0.56;0.344;basal
Bora_2;40;1082;0.555;0.343;basal
Bora_2;40;1082;0.626;0.448;basal
Bora_2;40;1082;0.84;0.723;basal
Bora_2;40;1082;0.891;0.382;basal
Bora_2;40;1082;0.781;0.308;basal
Bora_2;40;1082;0.702;0.56;basal
Bora_2;40;1084;0.831;0.198;apical
Bora_2;40;1084;0.934;0.162;apical
Bora_2;40;1084;1;0.429;apical
Bora_2;40;1084;0.664;0.283;apical
Bora_2;40;1084;0.844;0.248;apical
Bora_2;40;1084;0.971;0.292;apical
Bora_2;40;1084;0.907;0.155;apical
Bora_2;40;1084;0.807;0.342;apical
Bora_2;40;1084;0.819;0.484;apical
Bora_2;40;1084;0.926;0.532;apical
Bora_2;40;1084;0.85;0.631;basal
Bora_2;40;1084;0.773;0.78;basal
Bora_2;40;1084;0.824;0.518;basal
Bora_2;40;1084;0.831;0.503;basal
Bora_2;40;1084;0.678;0.597;basal
Bora_2;40;1084;0.799;0.612;basal
Bora_2;40;1084;0.835;0.72;basal
Bora_2;40;1084;0.773;0.676;basal
Bora_2;40;1084;0.965;0.625;basal
Bora_2;40;1084;0.84;0.46;basal
Bora_2;40;1085;0.5;0.152;apical
Bora_2;40;1085;0.481;0.178;apical
Bora_2;40;1085;0.453;0.295;apical
Bora_2;40;1085;0.612;0.236;apical
Bora_2;40;1085;0.63;0.453;apical
Bora_2;40;1085;0.743;0.156;apical
Bora_2;40;1085;0.627;0.196;apical
Bora_2;40;1085;0.629;0.373;apical
Bora_2;40;1085;0.587;0.294;apical
Bora_2;40;1085;0.541;0.131;apical
Bora_2;40;1085;0.739;0.823;basal
Bora_2;40;1085;0.62;1.12;basal
Bora_2;40;1085;0.622;0.585;basal
Bora_2;40;1085;0.54;0.665;basal
Bora_2;40;1085;0.536;0.366;basal
Bora_2;40;1085;0.534;0.575;basal
Bora_2;40;1085;0.588;0.437;basal
Bora_2;40;1085;0.553;0.6;basal
Bora_2;40;1085;0.597;0.729;basal
Bora_2;40;1085;0.576;0.921;basal
Bora_2;40;1086;0.865;0.153;apical
Bora_2;40;1086;0.847;0.419;apical
Bora_2;40;1086;0.934;0.442;apical
Bora_2;40;1086;0.959;0.444;apical
Bora_2;40;1086;0.966;0.488;apical
Bora_2;40;1086;0.865;0.186;apical
Bora_2;40;1086;0.833;0.204;apical
Bora_2;40;1086;0.942;0.18;apical
Bora_2;40;1086;1.05;0.179;apical
Bora_2;40;1086;0.809;0.167;apical
Bora_2;40;1086;0.683;0.589;basal
Bora_2;40;1086;0.666;0.82;basal
Bora_2;40;1086;0.988;0.346;basal
Bora_2;40;1086;0.924;0.609;basal
Bora_2;40;1086;0.712;0.813;basal
Bora_2;40;1086;0.702;0.752;basal
Bora_2;40;1086;0.733;0.365;basal
Bora_2;40;1086;0.764;0.452;basal
Bora_2;40;1086;0.669;0.554;basal
Bora_2;40;1086;0.957;0.393;basal
Bora_2;60;1143;0.88;0.121;apical
Bora_2;60;1143;1.14;0.154;apical
Bora_2;60;1143;0.867;0.236;apical
Bora_2;60;1143;0.83;0.228;apical
Bora_2;60;1143;0.912;0.142;apical
Bora_2;60;1143;0.73;0.133;apical
Bora_2;60;1143;0.808;0.164;apical
Bora_2;60;1143;1.04;0.138;apical
Bora_2;60;1143;0.942;0.127;apical
Bora_2;60;1143;0.909;0.117;apical
Bora_2;60;1143;0.812;0.382;basal
Bora_2;60;1143;0.821;0.489;basal
Bora_2;60;1143;0.866;0.468;basal
Bora_2;60;1143;0.818;0.544;basal
Bora_2;60;1143;0.726;0.663;basal
Bora_2;60;1143;0.947;0.733;basal
Bora_2;60;1143;0.726;0.598;basal
Bora_2;60;1143;0.792;0.566;basal
Bora_2;60;1143;1;1.33;basal
Bora_2;60;1143;0.901;1.11;basal
Bora_2;60;1144;0.768;0.148;apical
Bora_2;60;1144;0.729;0.184;apical
Bora_2;60;1144;0.697;0.493;apical
Bora_2;60;1144;0.661;0.248;apical
Bora_2;60;1144;0.936;0.247;apical
Bora_2;60;1144;0.764;0.163;apical
Bora_2;60;1144;0.675;0.287;apical
Bora_2;60;1144;0.814;0.19;apical
Bora_2;60;1144;0.898;0.223;apical
Bora_2;60;1144;0.891;0.147;apical
Bora_2;60;1144;0.995;0.609;basal
Bora_2;60;1144;0.816;0.648;basal
Bora_2;60;1144;0.945;0.594;basal
Bora_2;60;1144;0.829;0.307;basal
Bora_2;60;1144;0.89;0.665;basal
Bora_2;60;1144;0.959;0.704;basal
Bora_2;60;1144;0.898;0.802;basal
Bora_2;60;1144;0.798;0.643;basal
Bora_2;60;1144;0.747;0.783;basal
Bora_2;60;1144;0.771;0.77;basal
Bora_2;60;1145;1.12;0.245;apical
Bora_2;60;1145;1.08;0.209;apical
Bora_2;60;1145;1.01;0.0915;apical
Bora_2;60;1145;0.939;0.137;apical
Bora_2;60;1145;0.784;0.209;apical
Bora_2;60;1145;0.864;0.112;apical
Bora_2;60;1145;0.991;0.168;apical
Bora_2;60;1145;0.963;0.179;apical
Bora_2;60;1145;0.987;0.178;apical
Bora_2;60;1145;0.926;0.148;apical
Bora_2;60;1145;0.751;0.478;basal
Bora_2;60;1145;0.791;0.21;basal
Bora_2;60;1145;0.96;0.492;basal
Bora_2;60;1145;0.762;0.652;basal
Bora_2;60;1145;0.884;0.465;basal
Bora_2;60;1145;0.93;0.455;basal
Bora_2;60;1145;0.947;0.45;basal
Bora_2;60;1145;0.988;0.597;basal
Bora_2;60;1145;0.746;0.598;basal
Bora_2;60;1145;0.775;1.2;basal
Bora_2;60;1146;0.717;0.197;apical
Bora_2;60;1146;1.03;0.19;apical
Bora_2;60;1146;0.794;0.098;apical
Bora_2;60;1146;0.676;0.219;apical
Bora_2;60;1146;0.836;0.286;apical
Bora_2;60;1146;0.772;0.114;apical
Bora_2;60;1146;0.717;0.122;apical
Bora_2;60;1146;0.709;0.177;apical
Bora_2;60;1146;0.735;0.167;apical
Bora_2;60;1146;0.753;0.177;apical
Bora_2;60;1146;0.848;0.731;basal
Bora_2;60;1146;1.04;0.623;basal
Bora_2;60;1146;0.844;0.378;basal
Bora_2;60;1146;0.764;0.825;basal
Bora_2;60;1146;0.947;0.676;basal
Bora_2;60;1146;0.823;0.413;basal
Bora_2;60;1146;0.817;0.83;basal
Bora_2;60;1146;0.943;0.614;basal
Bora_2;60;1146;0.802;0.815;basal
Bora_2;60;1146;0.921;0.948;basal
Bora_2;60;1147;0.845;0.184;apical
Bora_2;60;1147;0.839;0.169;apical
Bora_2;60;1147;0.764;0.207;apical
Bora_2;60;1147;0.94;0.148;apical
Bora_2;60;1147;0.725;0.143;apical
Bora_2;60;1147;0.745;0.152;apical
Bora_2;60;1147;0.909;0.129;apical
Bora_2;60;1147;0.991;0.147;apical
Bora_2;60;1147;0.868;0.101;apical
Bora_2;60;1147;0.815;0.166;apical
Bora_2;60;1147;0.892;0.582;basal
Bora_2;60;1147;0.913;0.77;basal
Bora_2;60;1147;0.781;0.584;basal
Bora_2;60;1147;1.09;0.616;basal
Bora_2;60;1147;0.957;0.9;basal
Bora_2;60;1147;1.05;0.674;basal
Bora_2;60;1147;0.979;0.633;basal
Bora_2;60;1147;1.09;0.658;basal
Bora_2;60;1147;0.873;0.83;basal
Bora_2;60;1147;0.932;0.784;basal
Bora_2;60;1148;1.06;0.135;apical
Bora_2;60;1148;1.03;0.168;apical
Bora_2;60;1148;1.1;0.2;apical
Bora_2;60;1148;1.08;0.153;apical
Bora_2;60;1148;0.996;0.148;apical
Bora_2;60;1148;0.873;0.173;apical
Bora_2;60;1148;0.905;0.158;apical
Bora_2;60;1148;0.912;0.0933;apical
Bora_2;60;1148;0.872;0.12;apical
Bora_2;60;1148;0.855;0.139;apical
Bora_2;60;1148;0.882;0.829;basal
Bora_2;60;1148;0.831;0.691;basal
Bora_2;60;1148;1.01;0.337;basal
Bora_2;60;1148;0.884;0.478;basal
Bora_2;60;1148;1.06;0.814;basal
Bora_2;60;1148;0.835;0.914;basal
Bora_2;60;1148;0.788;0.274;basal
Bora_2;60;1148;0.986;0.795;basal
Bora_2;60;1148;0.845;0.747;basal
Bora_2;60;1148;0.866;0.441;basal
Tikehau_2;6;1769;1.32;0.149;apical
Tikehau_2;6;1769;0.91;0.182;apical
Tikehau_2;6;1769;0.858;0.162;apical
Tikehau_2;6;1769;0.916;0.165;apical
Tikehau_2;6;1769;1.1;0.174;apical
Tikehau_2;6;1769;1.14;0.158;apical
Tikehau_2;6;1769;0.993;0.191;apical
Tikehau_2;6;1769;0.537;0.268;apical
Tikehau_2;6;1769;0.869;0.195;apical
Tikehau_2;6;1769;0.872;0.286;apical
Tikehau_2;6;1769;0.931;0.314;basal
Tikehau_2;6;1769;1.06;0.423;basal
Tikehau_2;6;1769;0.975;0.451;basal
Tikehau_2;6;1769;0.874;0.391;basal
Tikehau_2;6;1769;1.07;0.553;basal
Tikehau_2;6;1769;0.968;0.164;basal
Tikehau_2;6;1769;0.908;0.3;basal
Tikehau_2;6;1769;0.901;0.394;basal
Tikehau_2;6;1769;0.947;0.379;basal
Tikehau_2;6;1769;0.892;0.22;basal
Tikehau_2;6;1771;0.675;0.189;apical
Tikehau_2;6;1771;0.662;0.171;apical
Tikehau_2;6;1771;0.496;0.183;apical
Tikehau_2;6;1771;0.695;0.155;apical
Tikehau_2;6;1771;0.707;0.13;apical
Tikehau_2;6;1771;0.409;0.15;apical
Tikehau_2;6;1771;0.603;0.121;apical
Tikehau_2;6;1771;0.536;0.14;apical
Tikehau_2;6;1771;0.632;0.124;apical
Tikehau_2;6;1771;0.807;0.154;apical
Tikehau_2;6;1771;0.534;0.442;basal
Tikehau_2;6;1771;0.655;0.544;basal
Tikehau_2;6;1771;0.53;0.411;basal
Tikehau_2;6;1771;0.5;0.403;basal
Tikehau_2;6;1771;0.581;0.558;basal
Tikehau_2;6;1771;0.598;0.699;basal
Tikehau_2;6;1771;0.538;0.58;basal
Tikehau_2;6;1771;0.53;0.613;basal
Tikehau_2;6;1771;0.53;0.439;basal
Tikehau_2;6;1771;0.482;0.382;basal
Tikehau_2;6;1772;0.689;0.0877;apical
Tikehau_2;6;1772;0.64;0.0998;apical
Tikehau_2;6;1772;0.619;0.239;apical
Tikehau_2;6;1772;0.787;0.427;apical
Tikehau_2;6;1772;0.68;0.149;apical
Tikehau_2;6;1772;0.72;0.148;apical
Tikehau_2;6;1772;0.743;0.133;apical
Tikehau_2;6;1772;0.743;0.135;apical
Tikehau_2;6;1772;0.733;0.164;apical
Tikehau_2;6;1772;0.823;0.12;apical
Tikehau_2;6;1772;0.591;0.36;basal
Tikehau_2;6;1772;0.695;0.505;basal
Tikehau_2;6;1772;0.734;0.544;basal
Tikehau_2;6;1772;0.822;0.188;basal
Tikehau_2;6;1772;0.768;0.412;basal
Tikehau_2;6;1772;0.673;0.45;basal
Tikehau_2;6;1772;0.657;0.326;basal
Tikehau_2;6;1772;0.668;0.967;basal
Tikehau_2;6;1772;0.569;0.503;basal
Tikehau_2;6;1772;0.662;0.393;basal
Tikehau_2;6;1773;0.815;0.198;apical
Tikehau_2;6;1773;0.622;0.245;apical
Tikehau_2;6;1773;0.765;0.0661;apical
Tikehau_2;6;1773;0.68;0.133;apical
Tikehau_2;6;1773;0.648;0.152;apical
Tikehau_2;6;1773;0.848;0.138;apical
Tikehau_2;6;1773;0.801;0.121;apical
Tikehau_2;6;1773;0.754;0.103;apical
Tikehau_2;6;1773;0.698;0.132;apical
Tikehau_2;6;1773;0.84;0.173;apical
Tikehau_2;6;1773;0.654;0.377;basal
Tikehau_2;6;1773;0.627;0.731;basal
Tikehau_2;6;1773;0.598;0.411;basal
Tikehau_2;6;1773;0.643;0.27;basal
Tikehau_2;6;1773;0.645;0.64;basal
Tikehau_2;6;1773;0.54;0.552;basal
Tikehau_2;6;1773;0.501;0.782;basal
Tikehau_2;6;1773;0.563;0.452;basal
Tikehau_2;6;1773;0.624;0.387;basal
Tikehau_2;6;1773;0.537;0.59;basal
Tikehau_2;6;1774;0.709;0.122;apical
Tikehau_2;6;1774;0.664;0.223;apical
Tikehau_2;6;1774;0.813;0.13;apical
Tikehau_2;6;1774;0.64;0.184;apical
Tikehau_2;6;1774;0.638;0.205;apical
Tikehau_2;6;1774;0.68;0.156;apical
Tikehau_2;6;1774;0.66;0.153;apical
Tikehau_2;6;1774;0.644;0.123;apical
Tikehau_2;6;1774;0.609;0.133;apical
Tikehau_2;6;1774;0.672;0.177;apical
Tikehau_2;6;1774;0.684;0.262;basal
Tikehau_2;6;1774;0.764;0.31;basal
Tikehau_2;6;1774;0.678;0.244;basal
Tikehau_2;6;1774;0.676;0.346;basal
Tikehau_2;6;1774;0.661;0.351;basal
Tikehau_2;6;1774;0.646;0.314;basal
Tikehau_2;6;1774;0.675;0.555;basal
Tikehau_2;6;1774;0.65;0.502;basal
Tikehau_2;6;1774;0.573;0.364;basal
Tikehau_2;6;1774;0.801;0.324;basal
Tikehau_2;6;1775;0.795;0.198;apical
Tikehau_2;6;1775;0.729;0.143;apical
Tikehau_2;6;1775;0.692;0.469;apical
Tikehau_2;6;1775;0.839;0.191;apical
Tikehau_2;6;1775;0.748;0.14;apical
Tikehau_2;6;1775;0.681;0.166;apical
Tikehau_2;6;1775;0.678;0.266;apical
Tikehau_2;6;1775;0.707;0.0966;apical
Tikehau_2;6;1775;0.879;0.122;apical
Tikehau_2;6;1775;0.876;0.193;apical
Tikehau_2;6;1775;0.716;0.163;basal
Tikehau_2;6;1775;0.66;0.201;basal
Tikehau_2;6;1775;0.646;0.143;basal
Tikehau_2;6;1775;0.707;0.143;basal
Tikehau_2;6;1775;0.753;0.132;basal
Tikehau_2;6;1775;0.682;0.133;basal
Tikehau_2;6;1775;0.651;0.135;basal
Tikehau_2;6;1775;0.769;0.2;basal
Tikehau_2;6;1775;0.833;0.399;basal
Tikehau_2;6;1775;0.698;0.307;basal
Tikehau_2;40;1855;0.969;0.146;apical
Tikehau_2;40;1855;0.707;0.148;apical
Tikehau_2;40;1855;0.755;0.493;apical
Tikehau_2;40;1855;0.874;0.171;apical
Tikehau_2;40;1855;0.908;0.151;apical
Tikehau_2;40;1855;0.823;0.3;apical
Tikehau_2;40;1855;0.812;0.229;apical
Tikehau_2;40;1855;0.876;0.137;apical
Tikehau_2;40;1855;0.757;0.13;apical
Tikehau_2;40;1855;0.831;0.17;apical
Tikehau_2;40;1855;0.747;0.384;basal
Tikehau_2;40;1855;0.852;0.214;basal
Tikehau_2;40;1855;0.837;0.533;basal
Tikehau_2;40;1855;0.791;0.291;basal
Tikehau_2;40;1855;1.07;0.816;basal
Tikehau_2;40;1855;1.15;0.733;basal
Tikehau_2;40;1855;0.975;0.602;basal
Tikehau_2;40;1855;0.752;0.56;basal
Tikehau_2;40;1855;0.981;0.59;basal
Tikehau_2;40;1855;0.918;0.342;basal
Tikehau_2;40;1856;0.953;0.332;apical
Tikehau_2;40;1856;0.819;0.565;apical
Tikehau_2;40;1856;0.863;0.135;apical
Tikehau_2;40;1856;0.669;0.114;apical
Tikehau_2;40;1856;1.02;0.167;apical
Tikehau_2;40;1856;0.864;0.098;apical
Tikehau_2;40;1856;0.753;0.126;apical
Tikehau_2;40;1856;0.868;0.16;apical
Tikehau_2;40;1856;0.854;0.139;apical
Tikehau_2;40;1856;1.03;0.0804;apical
Tikehau_2;40;1856;0.541;0.371;basal
Tikehau_2;40;1856;0.504;0.484;basal
Tikehau_2;40;1856;0.554;0.525;basal
Tikehau_2;40;1856;0.735;0.509;basal
Tikehau_2;40;1856;0.627;0.73;basal
Tikehau_2;40;1856;0.665;0.31;basal
Tikehau_2;40;1856;0.774;0.44;basal
Tikehau_2;40;1856;0.689;0.354;basal
Tikehau_2;40;1856;0.55;0.366;basal
Tikehau_2;40;1856;0.712;0.493;basal
Tikehau_2;40;1859;0.841;0.591;apical
Tikehau_2;40;1859;0.906;0.959;apical
Tikehau_2;40;1859;0.85;0.206;apical
Tikehau_2;40;1859;0.811;0.19;apical
Tikehau_2;40;1859;0.683;0.125;apical
Tikehau_2;40;1859;0.789;0.189;apical
Tikehau_2;40;1859;0.746;0.188;apical
Tikehau_2;40;1859;0.739;0.189;apical
Tikehau_2;40;1859;0.698;0.179;apical
Tikehau_2;40;1859;0.703;0.232;apical
Tikehau_2;40;1859;0.971;0.323;basal
Tikehau_2;40;1859;0.912;0.755;basal
Tikehau_2;40;1859;0.869;0.211;basal
Tikehau_2;40;1859;0.913;0.545;basal
Tikehau_2;40;1859;0.841;0.871;basal
Tikehau_2;40;1859;0.717;0.809;basal
Tikehau_2;40;1859;0.729;0.492;basal
Tikehau_2;40;1859;0.802;0.346;basal
Tikehau_2;40;1859;0.71;0.678;basal
Tikehau_2;40;1859;0.81;0.474;basal
Tikehau_2;40;1860;1.23;0.471;apical
Tikehau_2;40;1860;1.07;0.454;apical
Tikehau_2;40;1860;1.06;0.344;apical
Tikehau_2;40;1860;0.966;0.275;apical
Tikehau_2;40;1860;1.15;0.447;apical
Tikehau_2;40;1860;0.702;0.508;apical
Tikehau_2;40;1860;1.01;0.516;apical
Tikehau_2;40;1860;0.857;0.351;apical
Tikehau_2;40;1860;1.08;0.419;apical
Tikehau_2;40;1860;0.804;0.522;apical
Tikehau_2;40;1860;0.727;0.45;basal
Tikehau_2;40;1860;0.766;0.492;basal
Tikehau_2;40;1860;0.728;0.313;basal
Tikehau_2;40;1860;0.84;0.452;basal
Tikehau_2;40;1860;0.887;0.696;basal
Tikehau_2;40;1860;0.613;0.681;basal
Tikehau_2;40;1860;0.57;1.02;basal
Tikehau_2;40;1860;0.699;0.421;basal
Tikehau_2;40;1860;0.588;0.645;basal
Tikehau_2;40;1860;0.595;0.564;basal
Tikehau_2;40;1862;0.776;0.285;apical
Tikehau_2;40;1862;0.867;0.495;apical
Tikehau_2;40;1862;0.702;0.408;apical
Tikehau_2;40;1862;0.677;0.519;apical
Tikehau_2;40;1862;0.76;0.283;apical
Tikehau_2;40;1862;0.62;0.231;apical
Tikehau_2;40;1862;0.871;0.327;apical
Tikehau_2;40;1862;0.518;0.28;apical
Tikehau_2;40;1862;0.519;0.357;apical
Tikehau_2;40;1862;0.605;0.154;apical
Tikehau_2;40;1862;0.534;0.701;basal
Tikehau_2;40;1862;0.58;0.433;basal
Tikehau_2;40;1862;0.711;0.492;basal
Tikehau_2;40;1862;0.521;0.46;basal
Tikehau_2;40;1862;0.481;0.641;basal
Tikehau_2;40;1862;0.531;0.693;basal
Tikehau_2;40;1862;0.529;0.576;basal
Tikehau_2;40;1862;0.509;0.441;basal
Tikehau_2;40;1862;0.505;0.54;basal
Tikehau_2;40;1862;0.545;0.673;basal
Rangiroa_3;6;2594;0.724;0.234;apical
Rangiroa_3;6;2594;0.605;0.253;apical
Rangiroa_3;6;2594;0.617;0.199;apical
Rangiroa_3;6;2594;0.829;0.198;apical
Rangiroa_3;6;2594;0.771;0.207;apical
Rangiroa_3;6;2594;0.81;0.169;apical
Rangiroa_3;6;2594;0.675;0.201;apical
Rangiroa_3;6;2594;0.633;0.159;apical
Rangiroa_3;6;2594;0.679;0.149;apical
Rangiroa_3;6;2594;0.545;0.0865;apical
Rangiroa_3;6;2594;0.878;0.256;basal
Rangiroa_3;6;2594;0.768;0.18;basal
Rangiroa_3;6;2594;0.596;0.421;basal
Rangiroa_3;6;2594;0.685;0.147;basal
Rangiroa_3;6;2594;0.747;0.292;basal
Rangiroa_3;6;2594;0.773;0.259;basal
Rangiroa_3;6;2594;0.914;0.268;basal
Rangiroa_3;6;2594;0.785;0.529;basal
Rangiroa_3;6;2594;0.784;0.241;basal
Rangiroa_3;6;2594;0.687;0.226;basal
Rangiroa_3;6;2595;0.65;0.367;apical
Rangiroa_3;6;2595;0.728;0.327;apical
Rangiroa_3;6;2595;0.711;0.17;apical
Rangiroa_3;6;2595;0.722;0.19;apical
Rangiroa_3;6;2595;0.684;0.136;apical
Rangiroa_3;6;2595;0.864;0.187;apical
Rangiroa_3;6;2595;0.546;0.174;apical
Rangiroa_3;6;2595;0.58;0.184;apical
Rangiroa_3;6;2595;0.606;0.145;apical
Rangiroa_3;6;2595;0.595;0.15;apical
Rangiroa_3;6;2595;0.819;0.262;basal
Rangiroa_3;6;2595;0.685;0.192;basal
Rangiroa_3;6;2595;0.801;0.489;basal
Rangiroa_3;6;2595;0.808;0.632;basal
Rangiroa_3;6;2595;0.793;0.373;basal
Rangiroa_3;6;2595;0.916;0.303;basal
Rangiroa_3;6;2595;1.08;0.197;basal
Rangiroa_3;6;2595;0.626;0.587;basal
Rangiroa_3;6;2595;0.765;0.344;basal
Rangiroa_3;6;2595;0.939;0.785;basal
Rangiroa_3;6;2596;0.676;0.493;apical
Rangiroa_3;6;2596;0.704;0.376;apical
Rangiroa_3;6;2596;0.687;0.288;apical
Rangiroa_3;6;2596;0.658;0.207;apical
Rangiroa_3;6;2596;0.635;0.28;apical
Rangiroa_3;6;2596;0.806;0.395;apical
Rangiroa_3;6;2596;0.639;0.429;apical
Rangiroa_3;6;2596;0.985;0.246;apical
Rangiroa_3;6;2596;0.999;0.168;apical
Rangiroa_3;6;2596;0.756;0.133;apical
Rangiroa_3;6;2596;0.735;0.388;basal
Rangiroa_3;6;2596;0.746;0.194;basal
Rangiroa_3;6;2596;0.464;0.517;basal
Rangiroa_3;6;2596;0.558;0.335;basal
Rangiroa_3;6;2596;0.63;0.321;basal
Rangiroa_3;6;2596;0.731;0.596;basal
Rangiroa_3;6;2596;0.597;0.322;basal
Rangiroa_3;6;2596;0.687;0.683;basal
Rangiroa_3;6;2596;0.761;0.571;basal
Rangiroa_3;6;2596;0.859;0.305;basal
Rangiroa_3;6;2597;0.678;0.23;apical
Rangiroa_3;6;2597;0.656;0.285;apical
Rangiroa_3;6;2597;0.835;0.133;apical
Rangiroa_3;6;2597;0.896;0.134;apical
Rangiroa_3;6;2597;0.733;0.135;apical
Rangiroa_3;6;2597;0.811;0.0966;apical
Rangiroa_3;6;2597;0.702;0.314;apical
Rangiroa_3;6;2597;0.678;0.214;apical
Rangiroa_3;6;2597;0.601;0.0915;apical
Rangiroa_3;6;2597;0.855;0.119;apical
Rangiroa_3;6;2597;0.56;0.815;basal
Rangiroa_3;6;2597;0.664;0.516;basal
Rangiroa_3;6;2597;0.625;0.861;basal
Rangiroa_3;6;2597;0.618;0.358;basal
Rangiroa_3;6;2597;0.638;0.725;basal
Rangiroa_3;6;2597;0.633;0.501;basal
Rangiroa_3;6;2597;0.642;0.459;basal
Rangiroa_3;6;2597;0.752;0.623;basal
Rangiroa_3;6;2597;0.6;1.08;basal
Rangiroa_3;6;2597;0.675;0.567;basal
Rangiroa_3;6;2598;0.717;0.341;apical
Rangiroa_3;6;2598;0.794;0.196;apical
Rangiroa_3;6;2598;0.788;0.27;apical
Rangiroa_3;6;2598;0.83;0.184;apical
Rangiroa_3;6;2598;0.809;0.188;apical
Rangiroa_3;6;2598;0.735;0.288;apical
Rangiroa_3;6;2598;0.678;0.23;apical
Rangiroa_3;6;2598;0.648;0.248;apical
Rangiroa_3;6;2598;0.855;0.254;apical
Rangiroa_3;6;2598;0.827;0.152;apical
Rangiroa_3;6;2598;0.789;0.432;basal
Rangiroa_3;6;2598;0.839;0.53;basal
Rangiroa_3;6;2598;0.671;0.272;basal
Rangiroa_3;6;2598;0.852;0.498;basal
Rangiroa_3;6;2598;0.836;0.268;basal
Rangiroa_3;6;2598;0.791;0.302;basal
Rangiroa_3;6;2598;0.738;0.431;basal
Rangiroa_3;6;2598;0.737;0.333;basal
Rangiroa_3;6;2598;0.832;0.309;basal
Rangiroa_3;6;2598;0.742;0.412;basal
Rangiroa_3;6;2599;0.815;0.294;apical
Rangiroa_3;6;2599;0.84;0.3;apical
Rangiroa_3;6;2599;0.748;0.229;apical
Rangiroa_3;6;2599;0.685;0.23;apical
Rangiroa_3;6;2599;0.694;0.59;apical
Rangiroa_3;6;2599;0.551;0.128;apical
Rangiroa_3;6;2599;0.715;0.125;apical
Rangiroa_3;6;2599;0.657;0.119;apical
Rangiroa_3;6;2599;0.822;0.182;apical
Rangiroa_3;6;2599;0.745;0.223;apical
Rangiroa_3;6;2599;0.515;0.437;basal
Rangiroa_3;6;2599;0.492;0.295;basal
Rangiroa_3;6;2599;0.6;0.306;basal
Rangiroa_3;6;2599;0.64;0.282;basal
Rangiroa_3;6;2599;0.738;0.306;basal
Rangiroa_3;6;2599;0.795;0.482;basal
Rangiroa_3;6;2599;0.891;0.25;basal
Rangiroa_3;6;2599;0.729;0.393;basal
Rangiroa_3;6;2599;0.663;0.346;basal
Rangiroa_3;6;2599;0.719;0.459;basal
Rangiroa_3;40;2583;0.195;0.181;apical
Rangiroa_3;40;2583;0.828;0.148;apical
Rangiroa_3;40;2583;0.969;0.143;apical
Rangiroa_3;40;2583;0.84;0.277;apical
Rangiroa_3;40;2583;0.623;0.322;apical
Rangiroa_3;40;2583;0.834;0.164;apical
Rangiroa_3;40;2583;0.859;0.229;apical
Rangiroa_3;40;2583;0.868;0.392;apical
Rangiroa_3;40;2583;0.819;0.244;apical
Rangiroa_3;40;2583;0.709;0.282;apical
Rangiroa_3;40;2583;0.702;0.337;basal
Rangiroa_3;40;2583;0.707;0.501;basal
Rangiroa_3;40;2583;0.655;0.345;basal
Rangiroa_3;40;2583;0.703;0.669;basal
Rangiroa_3;40;2583;0.741;0.527;basal
Rangiroa_3;40;2583;0.652;0.484;basal
Rangiroa_3;40;2583;0.701;0.311;basal
Rangiroa_3;40;2583;0.81;0.818;basal
Rangiroa_3;40;2583;0.882;0.838;basal
Rangiroa_3;40;2583;0.767;0.531;basal
Rangiroa_3;40;2584;0.781;0.163;apical
Rangiroa_3;40;2584;0.907;0.291;apical
Rangiroa_3;40;2584;0.976;0.194;apical
Rangiroa_3;40;2584;1.01;0.309;apical
Rangiroa_3;40;2584;0.873;0.168;apical
Rangiroa_3;40;2584;0.764;0.158;apical
Rangiroa_3;40;2584;0.836;0.127;apical
Rangiroa_3;40;2584;0.896;0.153;apical
Rangiroa_3;40;2584;0.827;0.123;apical
Rangiroa_3;40;2584;0.842;0.175;apical
Rangiroa_3;40;2584;1.02;0.678;basal
Rangiroa_3;40;2584;0.969;0.448;basal
Rangiroa_3;40;2584;0.945;0.432;basal
Rangiroa_3;40;2584;1.09;0.376;basal
Rangiroa_3;40;2584;1.13;0.651;basal
Rangiroa_3;40;2584;0.887;0.498;basal
Rangiroa_3;40;2584;0.797;0.386;basal
Rangiroa_3;40;2584;1.01;0.455;basal
Rangiroa_3;40;2584;0.847;0.762;basal
Rangiroa_3;40;2584;0.876;0.527;basal
Rangiroa_3;40;2585;0.807;0.253;apical
Rangiroa_3;40;2585;0.85;0.253;apical
Rangiroa_3;40;2585;0.775;0.2;apical
Rangiroa_3;40;2585;0.948;0.339;apical
Rangiroa_3;40;2585;0.831;0.144;apical
Rangiroa_3;40;2585;0.84;0.511;apical
Rangiroa_3;40;2585;0.774;0.181;apical
Rangiroa_3;40;2585;0.844;0.709;apical
Rangiroa_3;40;2585;1.02;0.61;apical
Rangiroa_3;40;2585;0.878;0.112;apical
Rangiroa_3;40;2585;0.824;0.467;basal
Rangiroa_3;40;2585;0.831;0.304;basal
Rangiroa_3;40;2585;0.828;0.465;basal
Rangiroa_3;40;2585;0.731;0.642;basal
Rangiroa_3;40;2585;0.794;0.651;basal
Rangiroa_3;40;2585;0.815;0.467;basal
Rangiroa_3;40;2585;0.83;0.448;basal
Rangiroa_3;40;2585;0.93;0.347;basal
Rangiroa_3;40;2585;0.868;0.322;basal
Rangiroa_3;40;2585;0.759;0.557;basal
Rangiroa_3;40;2586;1.07;0.223;apical
Rangiroa_3;40;2586;0.958;0.465;apical
Rangiroa_3;40;2586;0.612;0.24;apical
Rangiroa_3;40;2586;0.79;0.111;apical
Rangiroa_3;40;2586;0.979;0.233;apical
Rangiroa_3;40;2586;0.707;0.623;apical
Rangiroa_3;40;2586;0.772;0.548;apical
Rangiroa_3;40;2586;0.707;0.0821;apical
Rangiroa_3;40;2586;0.973;0.364;apical
Rangiroa_3;40;2586;0.872;0.323;apical
Rangiroa_3;40;2586;0.652;0.618;basal
Rangiroa_3;40;2586;0.905;0.6;basal
Rangiroa_3;40;2586;0.752;0.712;basal
Rangiroa_3;40;2586;0.797;0.641;basal
Rangiroa_3;40;2586;0.749;0.676;basal
Rangiroa_3;40;2586;0.779;0.95;basal
Rangiroa_3;40;2586;0.634;0.51;basal
Rangiroa_3;40;2586;0.647;0.806;basal
Rangiroa_3;40;2586;0.763;0.722;basal
Rangiroa_3;40;2586;0.801;0.591;basal
Rangiroa_3;40;2587;0.827;0.299;apical
Rangiroa_3;40;2587;0.95;0.435;apical
Rangiroa_3;40;2587;0.96;0.332;apical
Rangiroa_3;40;2587;0.939;0.388;apical
Rangiroa_3;40;2587;0.855;0.66;apical
Rangiroa_3;40;2587;0.942;0.281;apical
Rangiroa_3;40;2587;0.91;0.343;apical
Rangiroa_3;40;2587;0.924;0.214;apical
Rangiroa_3;40;2587;0.934;0.378;apical
Rangiroa_3;40;2587;0.957;0.377;apical
Rangiroa_3;40;2587;0.841;0.864;basal
Rangiroa_3;40;2587;0.864;1.31;basal
Rangiroa_3;40;2587;0.604;0.664;basal
Rangiroa_3;40;2587;0.683;0.545;basal
Rangiroa_3;40;2587;0.569;0.479;basal
Rangiroa_3;40;2587;0.578;0.805;basal
Rangiroa_3;40;2587;0.518;0.788;basal
Rangiroa_3;40;2587;0.6;0.674;basal
Rangiroa_3;40;2587;0.642;0.469;basal
Rangiroa_3;40;2587;0.701;0.898;basal
Rangiroa_3;40;2588;0.805;0.13;apical
Rangiroa_3;40;2588;0.911;0.125;apical
Rangiroa_3;40;2588;0.838;0.163;apical
Rangiroa_3;40;2588;0.847;0.234;apical
Rangiroa_3;40;2588;0.859;0.209;apical
Rangiroa_3;40;2588;0.667;0.144;apical
Rangiroa_3;40;2588;0.926;0.146;apical
Rangiroa_3;40;2588;0.801;0.136;apical
Rangiroa_3;40;2588;0.781;0.191;apical
Rangiroa_3;40;2588;0.758;0.266;apical
Rangiroa_3;40;2588;0.868;0.846;basal
Rangiroa_3;40;2588;0.947;0.515;basal
Rangiroa_3;40;2588;0.712;0.731;basal
Rangiroa_3;40;2588;0.669;0.475;basal
Rangiroa_3;40;2588;0.758;0.747;basal
Rangiroa_3;40;2588;0.702;0.505;basal
Rangiroa_3;40;2588;0.869;0.53;basal
Rangiroa_3;40;2588;0.765;0.794;basal
Rangiroa_3;40;2588;0.71;0.63;basal
Rangiroa_3;40;2588;0.716;0.34;basal
Rangiroa_3;6;2600;0.709;0.307;apical
Rangiroa_3;6;2600;0.78;0.32;apical
Rangiroa_3;6;2600;0.844;0.361;apical
Rangiroa_3;6;2600;0.711;0.38;apical
Rangiroa_3;6;2600;0.569;0.39;apical
Rangiroa_3;6;2600;0.755;0.236;apical
Rangiroa_3;6;2600;0.774;0.365;apical
Rangiroa_3;6;2600;0.668;0.375;apical
Rangiroa_3;6;2600;0.53;0.437;apical
Rangiroa_3;6;2600;0.554;0.23;apical
Rangiroa_3;6;2600;0.539;0.5;basal
Rangiroa_3;6;2600;0.505;0.754;basal
Rangiroa_3;6;2600;0.587;0.449;basal
Rangiroa_3;6;2600;0.478;0.503;basal
Rangiroa_3;6;2600;0.471;0.553;basal
Rangiroa_3;6;2600;0.547;0.538;basal
Rangiroa_3;6;2600;0.585;0.424;basal
Rangiroa_3;6;2600;0.584;0.732;basal
Rangiroa_3;6;2600;0.5;0.393;basal
Rangiroa_3;6;2600;0.589;0.646;basal
Rangiroa_3;6;2601;0.815;0.415;apical
Rangiroa_3;6;2601;0.737;0.365;apical
Rangiroa_3;6;2601;0.656;0.583;apical
Rangiroa_3;6;2601;0.778;0.239;apical
Rangiroa_3;6;2601;0.74;0.318;apical
Rangiroa_3;6;2601;0.63;0.27;apical
Rangiroa_3;6;2601;1.05;0.265;apical
Rangiroa_3;6;2601;0.709;0.35;apical
Rangiroa_3;6;2601;0.81;0.442;apical
Rangiroa_3;6;2601;0.685;0.242;apical
Rangiroa_3;6;2601;0.672;0.507;basal
Rangiroa_3;6;2601;0.373;0.382;basal
Rangiroa_3;6;2601;0.676;0.351;basal
Rangiroa_3;6;2601;0.516;0.482;basal
Rangiroa_3;6;2601;0.429;0.384;basal
Rangiroa_3;6;2601;0.673;0.337;basal
Rangiroa_3;6;2601;0.536;0.219;basal
Rangiroa_3;6;2601;0.428;0.208;basal
Rangiroa_3;6;2601;0.49;0.158;basal
Rangiroa_3;6;2601;0.508;0.247;basal
Rangiroa_3;6;2602;0.554;0.263;apical
Rangiroa_3;6;2602;0.635;0.223;apical
Rangiroa_3;6;2602;0.738;0.38;apical
Rangiroa_3;6;2602;0.507;0.393;apical
Rangiroa_3;6;2602;0.645;0.353;apical
Rangiroa_3;6;2602;0.687;0.202;apical
Rangiroa_3;6;2602;0.381;0.24;apical
Rangiroa_3;6;2602;0.709;0.301;apical
Rangiroa_3;6;2602;0.703;0.241;apical
Rangiroa_3;6;2602;0.544;0.248;apical
Rangiroa_3;6;2602;0.465;0.455;basal
Rangiroa_3;6;2602;0.409;0.379;basal
Rangiroa_3;6;2602;0.62;0.526;basal
Rangiroa_3;6;2602;0.639;0.494;basal
Rangiroa_3;6;2602;0.559;0.483;basal
Rangiroa_3;6;2602;0.503;0.459;basal
Rangiroa_3;6;2602;0.566;0.504;basal
Rangiroa_3;6;2602;0.517;0.329;basal
Rangiroa_3;6;2602;0.679;0.408;basal
Rangiroa_3;6;2602;0.5;0.335;basal
Rangiroa_3;6;2603;0.561;0.232;apical
Rangiroa_3;6;2603;0.562;0.238;apical
Rangiroa_3;6;2603;0.749;0.32;apical
Rangiroa_3;6;2603;0.753;0.197;apical
Rangiroa_3;6;2603;0.681;0.249;apical
Rangiroa_3;6;2603;0.735;0.395;apical
Rangiroa_3;6;2603;0.439;0.201;apical
Rangiroa_3;6;2603;0.563;0.344;apical
Rangiroa_3;6;2603;0.469;0.242;apical
Rangiroa_3;6;2603;0.501;0.277;apical
Rangiroa_3;6;2603;0.487;0.278;basal
Rangiroa_3;6;2603;0.696;0.245;basal
Rangiroa_3;6;2603;0.7;0.183;basal
Rangiroa_3;6;2603;0.575;0.201;basal
Rangiroa_3;6;2603;0.774;0.292;basal
Rangiroa_3;6;2603;0.601;0.19;basal
Rangiroa_3;6;2603;0.647;0.23;basal
Rangiroa_3;6;2603;0.652;0.27;basal
Rangiroa_3;6;2603;0.604;0.358;basal
Rangiroa_3;6;2603;0.633;0.382;basal
Tikehau_2;40;1853;0.708;0.271;apical
Tikehau_2;40;1853;0.612;0.374;apical
Tikehau_2;40;1853;0.728;0.25;apical
Tikehau_2;40;1853;0.622;0.182;apical
Tikehau_2;40;1853;0.588;0.233;apical
Tikehau_2;40;1853;0.671;0.314;apical
Tikehau_2;40;1853;0.614;0.444;apical
Tikehau_2;40;1853;0.731;0.392;apical
Tikehau_2;40;1853;0.768;0.315;apical
Tikehau_2;40;1853;0.825;0.343;apical
Tikehau_2;40;1853;0.506;0.407;basal
Tikehau_2;40;1853;0.554;0.547;basal
Tikehau_2;40;1853;0.559;0.456;basal
Tikehau_2;40;1853;0.568;0.759;basal
Tikehau_2;40;1853;0.563;0.348;basal
Tikehau_2;40;1853;0.562;0.592;basal
Tikehau_2;40;1853;0.564;0.517;basal
Tikehau_2;40;1853;0.506;0.39;basal
Tikehau_2;40;1853;0.478;0.563;basal
Tikehau_2;40;1853;0.477;0.434;basal
Tikehau_2;40;1854;0.944;0.192;apical
Tikehau_2;40;1854;0.945;0.279;apical
Tikehau_2;40;1854;0.876;0.159;apical
Tikehau_2;40;1854;1.07;0.2;apical
Tikehau_2;40;1854;1.02;0.123;apical
Tikehau_2;40;1854;0.915;0.268;apical
Tikehau_2;40;1854;0.85;0.171;apical
Tikehau_2;40;1854;1.03;0.301;apical
Tikehau_2;40;1854;1.06;0.19;apical
Tikehau_2;40;1854;1.37;0.257;apical
Tikehau_2;40;1854;0.502;0.821;basal
Tikehau_2;40;1854;0.605;0.705;basal
Tikehau_2;40;1854;0.677;0.342;basal
Tikehau_2;40;1854;0.598;0.645;basal
Tikehau_2;40;1854;0.538;0.328;basal
Tikehau_2;40;1854;0.48;0.866;basal
Tikehau_2;40;1854;0.67;0.47;basal
Tikehau_2;40;1854;0.616;0.342;basal
Tikehau_2;40;1854;0.538;0.495;basal
Tikehau_2;40;1854;0.555;0.379;basal
Tikehau_2;40;1858;0.815;0.435;apical
Tikehau_2;40;1858;0.644;0.175;apical
Tikehau_2;40;1858;0.768;0.401;apical
Tikehau_2;40;1858;0.617;0.223;apical
Tikehau_2;40;1858;0.868;0.337;apical
Tikehau_2;40;1858;0.924;0.329;apical
Tikehau_2;40;1858;0.881;0.276;apical
Tikehau_2;40;1858;0.755;0.242;apical
Tikehau_2;40;1858;0.957;0.325;apical
Tikehau_2;40;1858;0.661;0.155;apical
Tikehau_2;40;1858;0.833;0.568;basal
Tikehau_2;40;1858;0.634;0.643;basal
Tikehau_2;40;1858;0.717;0.984;basal
Tikehau_2;40;1858;0.679;0.544;basal
Tikehau_2;40;1858;0.872;0.469;basal
Tikehau_2;40;1858;0.654;0.638;basal
Tikehau_2;40;1858;0.663;0.208;basal
Tikehau_2;40;1858;0.694;0.568;basal
Tikehau_2;40;1858;0.732;0.608;basal
Tikehau_2;40;1858;0.578;0.684;basal
Rangiroa_3;40;2589;0.862;0.365;apical
Rangiroa_3;40;2589;0.518;0.199;apical
Rangiroa_3;40;2589;0.522;0.337;apical
Rangiroa_3;40;2589;0.673;0.218;apical
Rangiroa_3;40;2589;0.826;0.281;apical
Rangiroa_3;40;2589;0.719;0.359;apical
Rangiroa_3;40;2589;0.539;0.252;apical
Rangiroa_3;40;2589;0.629;0.278;apical
Rangiroa_3;40;2589;0.865;0.337;apical
Rangiroa_3;40;2589;0.681;0.347;apical
Rangiroa_3;40;2589;0.481;0.561;basal
Rangiroa_3;40;2589;0.548;0.466;basal
Rangiroa_3;40;2589;0.442;0.664;basal
Rangiroa_3;40;2589;0.418;0.926;basal
Rangiroa_3;40;2589;0.526;0.779;basal
Rangiroa_3;40;2589;0.397;0.834;basal
Rangiroa_3;40;2589;0.449;0.578;basal
Rangiroa_3;40;2589;0.455;0.887;basal
Rangiroa_3;40;2589;0.424;0.682;basal
Rangiroa_3;40;2589;0.541;0.523;basal
Rangiroa_3;40;2591;0.603;0.25;apical
Rangiroa_3;40;2591;0.776;0.253;apical
Rangiroa_3;40;2591;0.73;0.19;apical
Rangiroa_3;40;2591;0.67;0.263;apical
Rangiroa_3;40;2591;0.508;0.414;apical
Rangiroa_3;40;2591;0.733;0.453;apical
Rangiroa_3;40;2591;0.73;0.206;apical
Rangiroa_3;40;2591;0.766;0.509;apical
Rangiroa_3;40;2591;0.803;0.458;apical
Rangiroa_3;40;2591;0.685;0.506;apical
Rangiroa_3;40;2591;0.764;0.697;basal
Rangiroa_3;40;2591;0.552;0.424;basal
Rangiroa_3;40;2591;0.695;0.799;basal
Rangiroa_3;40;2591;0.577;0.593;basal
Rangiroa_3;40;2591;0.501;0.403;basal
Rangiroa_3;40;2591;0.726;0.592;basal
Rangiroa_3;40;2591;0.568;0.473;basal
Rangiroa_3;40;2591;0.561;0.539;basal
Rangiroa_3;40;2591;1.02;0.759;basal
Rangiroa_3;40;2591;0.755;0.291;basal
Rangiroa_3;40;2590;0.858;0.492;apical
Rangiroa_3;40;2590;0.594;0.307;apical
Rangiroa_3;40;2590;0.586;0.356;apical
Rangiroa_3;40;2590;0.597;0.351;apical
Rangiroa_3;40;2590;0.646;0.285;apical
Rangiroa_3;40;2590;0.553;0.373;apical
Rangiroa_3;40;2590;0.576;0.449;apical
Rangiroa_3;40;2590;0.558;0.833;apical
Rangiroa_3;40;2590;0.61;0.543;apical
Rangiroa_3;40;2590;0.716;0.285;apical
Rangiroa_3;40;2590;0.583;0.55;basal
Rangiroa_3;40;2590;0.508;0.509;basal
Rangiroa_3;40;2590;0.596;0.602;basal
Rangiroa_3;40;2590;0.449;0.452;basal
Rangiroa_3;40;2590;0.54;0.606;basal
Rangiroa_3;40;2590;0.588;0.602;basal
Rangiroa_3;40;2590;0.496;0.298;basal
Rangiroa_3;40;2590;0.586;0.404;basal
Rangiroa_3;40;2590;0.661;0.758;basal
Rangiroa_3;40;2590;0.599;0.655;basal
Rangiroa_3;40;2592;0.796;0.356;apical
Rangiroa_3;40;2592;0.918;0.264;apical
Rangiroa_3;40;2592;0.71;0.286;apical
Rangiroa_3;40;2592;0.754;0.417;apical
Rangiroa_3;40;2592;0.811;0.286;apical
Rangiroa_3;40;2592;0.75;0.382;apical
Rangiroa_3;40;2592;0.681;0.626;apical
Rangiroa_3;40;2592;0.641;0.344;apical
Rangiroa_3;40;2592;1;0.424;apical
Rangiroa_3;40;2592;0.709;0.3;apical
Rangiroa_3;40;2592;0.877;0.576;basal
Rangiroa_3;40;2592;0.632;0.415;basal
Rangiroa_3;40;2592;0.714;0.634;basal
Rangiroa_3;40;2592;0.723;0.454;basal
Rangiroa_3;40;2592;0.984;0.694;basal
Rangiroa_3;40;2592;0.745;0.375;basal
Rangiroa_3;40;2592;0.683;0.97;basal
Rangiroa_3;40;2592;0.712;0.955;basal
Rangiroa_3;40;2592;0.747;0.887;basal
Rangiroa_3;40;2592;0.831;1;basal
Moorea_2;60;170;0.576;0.372;apical
Moorea_2;60;170;0.603;0.32;apical
Moorea_2;60;170;0.595;0.255;apical
Moorea_2;60;170;0.604;0.308;apical
Moorea_2;60;170;0.607;0.405;apical
Moorea_2;60;170;0.766;0.372;apical
Moorea_2;60;170;0.559;0.362;apical
Moorea_2;60;170;0.565;0.336;apical
Moorea_2;60;170;0.733;0.32;apical
Moorea_2;60;170;0.547;0.335;apical
Moorea_2;60;170;0.486;0.611;basal
Moorea_2;60;170;0.379;0.466;basal
Moorea_2;60;170;0.594;0.531;basal
Moorea_2;60;170;0.487;0.663;basal
Moorea_2;60;170;0.447;0.508;basal
Moorea_2;60;170;0.394;0.895;basal
Moorea_2;60;170;0.439;0.626;basal
Moorea_2;60;170;0.481;0.666;basal
Moorea_2;60;170;0.541;0.46;basal
Moorea_2;60;170;0.582;0.3;basal
Tikehau_2;40;1862;0.801;0.391;apical
Tikehau_2;40;1862;0.708;0.289;apical
Tikehau_2;40;1862;0.913;0.34;apical
Tikehau_2;40;1862;0.868;0.452;apical
Tikehau_2;40;1862;0.931;0.231;apical
Tikehau_2;40;1862;0.883;0.252;apical
Tikehau_2;40;1862;0.652;0.492;apical
Tikehau_2;40;1862;0.988;0.38;apical
Tikehau_2;40;1862;0.936;0.238;apical
Tikehau_2;40;1862;0.767;0.325;apical
Tikehau_2;40;1862;0.961;0.807;basal
Tikehau_2;40;1862;0.946;0.305;basal
Tikehau_2;40;1862;0.59;0.333;basal
Tikehau_2;40;1862;0.906;0.463;basal
Tikehau_2;40;1862;0.98;0.337;basal
Tikehau_2;40;1862;0.89;0.49;basal
Tikehau_2;40;1862;0.816;0.508;basal
Tikehau_2;40;1862;0.53;0.334;basal
Tikehau_2;40;1862;0.552;0.478;basal
Tikehau_2;40;1862;0.77;0.475;basal
Tikehau_2;40;1863;0.857;0.261;apical
Tikehau_2;40;1863;0.862;0.363;apical
Tikehau_2;40;1863;0.811;0.299;apical
Tikehau_2;40;1863;0.926;0.326;apical
Tikehau_2;40;1863;0.872;0.299;apical
Tikehau_2;40;1863;0.806;0.196;apical
Tikehau_2;40;1863;0.651;0.222;apical
Tikehau_2;40;1863;0.824;0.247;apical
Tikehau_2;40;1863;0.737;0.344;apical
Tikehau_2;40;1863;0.917;0.354;apical
Tikehau_2;40;1863;1.08;1.14;basal
Tikehau_2;40;1863;1.13;0.781;basal
Tikehau_2;40;1863;1.1;1.34;basal
Tikehau_2;40;1863;0.908;0.605;basal
Tikehau_2;40;1863;0.894;0.885;basal
Tikehau_2;40;1863;0.934;0.781;basal
Tikehau_2;40;1863;1.18;0.868;basal
Tikehau_2;40;1863;1.01;0.617;basal
Tikehau_2;40;1863;0.803;0.435;basal
Tikehau_2;40;1863;0.71;0.778;basal
Tikehau_2;6;1778;0.905;0.407;apical
Tikehau_2;6;1778;0.823;0.333;apical
Tikehau_2;6;1778;0.774;0.229;apical
Tikehau_2;6;1778;0.818;0.236;apical
Tikehau_2;6;1778;0.777;0.302;apical
Tikehau_2;6;1778;0.798;0.243;apical
Tikehau_2;6;1778;0.798;0.139;apical
Tikehau_2;6;1778;0.627;0.308;apical
Tikehau_2;6;1778;0.65;0.191;apical
Tikehau_2;6;1778;0.856;0.5;apical
Tikehau_2;6;1778;0.65;0.389;basal
Tikehau_2;6;1778;0.578;0.388;basal
Tikehau_2;6;1778;0.486;0.616;basal
Tikehau_2;6;1778;0.568;0.838;basal
Tikehau_2;6;1778;0.69;0.358;basal
Tikehau_2;6;1778;0.584;1.09;basal
Tikehau_2;6;1778;0.658;0.357;basal
Tikehau_2;6;1778;0.648;0.451;basal
Tikehau_2;6;1778;0.602;0.646;basal
Tikehau_2;6;1778;0.655;0.418;basal
Bora_2;60;1149;0.868;0.52;apical
Bora_2;60;1149;0.763;0.363;apical
Bora_2;60;1149;0.913;0.334;apical
Bora_2;60;1149;0.681;0.43;apical
Bora_2;60;1149;0.839;0.295;apical
Bora_2;60;1149;1.09;0.361;apical
Bora_2;60;1149;0.91;0.278;apical
Bora_2;60;1149;0.957;0.414;apical
Bora_2;60;1149;0.755;0.26;apical
Bora_2;60;1149;0.829;0.217;apical
Bora_2;60;1149;0.81;0.921;basal
Bora_2;60;1149;0.916;0.674;basal
Bora_2;60;1149;0.718;0.627;basal
Bora_2;60;1149;0.986;0.371;basal
Bora_2;60;1149;0.804;0.396;basal
Bora_2;60;1149;0.676;0.473;basal
Bora_2;60;1149;0.681;0.611;basal
Bora_2;60;1149;0.852;1.036;basal
Bora_2;60;1149;0.727;0.497;basal
Bora_2;60;1149;1.01;0.784;basal
Rangiroa_3;20;2492;0.804;0.201;apical
Rangiroa_3;20;2492;0.79;0.236;apical
Rangiroa_3;20;2492;0.712;0.212;apical
Rangiroa_3;20;2492;0.619;0.252;apical
Rangiroa_3;20;2492;0.723;0.236;apical
Rangiroa_3;20;2492;0.962;0.104;apical
Rangiroa_3;20;2492;0.672;0.264;apical
Rangiroa_3;20;2492;0.762;0.25;apical
Rangiroa_3;20;2492;0.692;0.245;apical
Rangiroa_3;20;2492;0.802;0.259;apical
Rangiroa_3;20;2492;0.796;0.493;basal
Rangiroa_3;20;2492;0.626;0.514;basal
Rangiroa_3;20;2492;0.682;0.782;basal
Rangiroa_3;20;2492;0.798;0.437;basal
Rangiroa_3;20;2492;0.764;0.441;basal
Rangiroa_3;20;2492;0.679;0.753;basal
Rangiroa_3;20;2492;0.667;0.69;basal
Rangiroa_3;20;2492;0.735;0.676;basal
Rangiroa_3;20;2492;0.668;0.795;basal
Rangiroa_3;20;2492;0.651;0.644;basal
Rangiroa_3;20;2491;0.579;0.296;apical
Rangiroa_3;20;2491;0.75;0.333;apical
Rangiroa_3;20;2491;0.631;0.545;apical
Rangiroa_3;20;2491;0.574;0.339;apical
Rangiroa_3;20;2491;0.727;0.299;apical
Rangiroa_3;20;2491;0.623;0.191;apical
Rangiroa_3;20;2491;0.753;0.312;apical
Rangiroa_3;20;2491;0.906;0.349;apical
Rangiroa_3;20;2491;0.863;0.191;apical
Rangiroa_3;20;2491;0.776;0.268;apical
Rangiroa_3;20;2491;0.872;0.715;basal
Rangiroa_3;20;2491;0.757;0.594;basal
Rangiroa_3;20;2491;0.677;0.515;basal
Rangiroa_3;20;2491;0.593;0.755;basal
Rangiroa_3;20;2491;0.65;0.407;basal
Rangiroa_3;20;2491;0.658;0.451;basal
Rangiroa_3;20;2491;0.738;0.49;basal
Rangiroa_3;20;2491;0.671;0.408;basal
Rangiroa_3;20;2491;0.702;0.342;basal
Rangiroa_3;20;2491;0.795;0.319;basal
Rangiroa_3;20;2490;0.695;0.349;apical
Rangiroa_3;20;2490;0.568;0.365;apical
Rangiroa_3;20;2490;0.651;0.351;apical
Rangiroa_3;20;2490;0.621;0.325;apical
Rangiroa_3;20;2490;0.715;0.155;apical
Rangiroa_3;20;2490;0.718;0.276;apical
Rangiroa_3;20;2490;0.615;0.282;apical
Rangiroa_3;20;2490;0.593;0.283;apical
Rangiroa_3;20;2490;0.587;0.258;apical
Rangiroa_3;20;2490;1.08;0.227;apical
Rangiroa_3;20;2490;0.588;0.61;basal
Rangiroa_3;20;2490;0.604;0.715;basal
Rangiroa_3;20;2490;0.553;0.393;basal
Rangiroa_3;20;2490;0.635;0.508;basal
Rangiroa_3;20;2490;0.609;0.419;basal
Rangiroa_3;20;2490;0.641;0.449;basal
Rangiroa_3;20;2490;0.553;0.467;basal
Rangiroa_3;20;2490;0.465;0.73;basal
Rangiroa_3;20;2490;0.736;0.708;basal
Rangiroa_3;20;2490;0.74;0.502;basal
Rangiroa_3;20;2483;0.797;0.396;apical
Rangiroa_3;20;2483;0.764;0.28;apical
Rangiroa_3;20;2483;0.563;0.35;apical
Rangiroa_3;20;2483;0.689;0.294;apical
Rangiroa_3;20;2483;0.675;0.277;apical
Rangiroa_3;20;2483;0.69;0.172;apical
Rangiroa_3;20;2483;0.56;0.343;apical
Rangiroa_3;20;2483;0.631;0.542;apical
Rangiroa_3;20;2483;0.692;0.279;apical
Rangiroa_3;20;2483;0.741;0.277;apical
Rangiroa_3;20;2483;0.765;0.4;basal
Rangiroa_3;20;2483;0.674;0.481;basal
Rangiroa_3;20;2483;0.582;0.43;basal
Rangiroa_3;20;2483;0.69;0.693;basal
Rangiroa_3;20;2483;0.564;0.659;basal
Rangiroa_3;20;2483;0.631;0.568;basal
Rangiroa_3;20;2483;0.614;0.484;basal
Rangiroa_3;20;2483;0.564;0.372;basal
Rangiroa_3;20;2483;0.472;0.361;basal
Rangiroa_3;20;2483;0.636;0.446;basal
Rangiroa_3;20;2485;1.15;0.339;apical
Rangiroa_3;20;2485;0.754;0.33;apical
Rangiroa_3;20;2485;0.549;0.234;apical
Rangiroa_3;20;2485;1.08;0.403;apical
Rangiroa_3;20;2485;0.943;0.243;apical
Rangiroa_3;20;2485;0.891;0.289;apical
Rangiroa_3;20;2485;0.945;0.227;apical
Rangiroa_3;20;2485;0.942;0.315;apical
Rangiroa_3;20;2485;0.674;0.312;apical
Rangiroa_3;20;2485;0.869;0.421;apical
Rangiroa_3;20;2485;0.527;0.433;basal
Rangiroa_3;20;2485;0.517;0.454;basal
Rangiroa_3;20;2485;0.615;0.357;basal
Rangiroa_3;20;2485;0.613;0.614;basal
Rangiroa_3;20;2485;0.471;0.998;basal
Rangiroa_3;20;2485;0.489;0.499;basal
Rangiroa_3;20;2485;0.864;0.284;basal
Rangiroa_3;20;2485;0.651;0.387;basal
Rangiroa_3;20;2485;0.748;0.343;basal
Rangiroa_3;20;2485;0.59;0.431;basal
Rangiroa_3;20;2488;0.7;0.404;apical
Rangiroa_3;20;2488;0.606;0.236;apical
Rangiroa_3;20;2488;0.812;0.247;apical
Rangiroa_3;20;2488;0.743;0.185;apical
Rangiroa_3;20;2488;0.645;0.233;apical
Rangiroa_3;20;2488;0.661;0.576;apical
Rangiroa_3;20;2488;0.716;0.258;apical
Rangiroa_3;20;2488;0.574;0.202;apical
Rangiroa_3;20;2488;0.676;0.22;apical
Rangiroa_3;20;2488;0.734;0.261;apical
Rangiroa_3;20;2488;0.692;0.604;basal
Rangiroa_3;20;2488;0.635;0.412;basal
Rangiroa_3;20;2488;0.565;0.373;basal
Rangiroa_3;20;2488;0.622;0.596;basal
Rangiroa_3;20;2488;0.908;0.681;basal
Rangiroa_3;20;2488;0.563;0.46;basal
Rangiroa_3;20;2488;0.573;0.547;basal
Rangiroa_3;20;2488;0.753;0.457;basal
Rangiroa_3;20;2488;0.611;0.457;basal
Rangiroa_3;20;2488;0.636;0.59;basal
Rangiroa_3;20;2487;0.855;0.219;apical
Rangiroa_3;20;2487;0.751;0.171;apical
Rangiroa_3;20;2487;0.989;0.247;apical
Rangiroa_3;20;2487;0.857;0.309;apical
Rangiroa_3;20;2487;0.772;0.262;apical
Rangiroa_3;20;2487;0.903;0.33;apical
Rangiroa_3;20;2487;0.714;0.239;apical
Rangiroa_3;20;2487;1.04;0.465;apical
Rangiroa_3;20;2487;0.744;0.172;apical
Rangiroa_3;20;2487;0.768;0.343;apical
Rangiroa_3;20;2487;0.58;0.486;basal
Rangiroa_3;20;2487;0.574;0.461;basal
Rangiroa_3;20;2487;0.583;0.228;basal
Rangiroa_3;20;2487;0.779;0.259;basal
Rangiroa_3;20;2487;0.721;0.413;basal
Rangiroa_3;20;2487;0.704;0.364;basal
Rangiroa_3;20;2487;0.757;0.424;basal
Rangiroa_3;20;2487;0.648;0.442;basal
Rangiroa_3;20;2487;0.726;0.654;basal
Rangiroa_3;20;2487;0.61;0.569;basal
Rangiroa_3;20;2486;0.903;0.312;apical
Rangiroa_3;20;2486;0.734;0.206;apical
Rangiroa_3;20;2486;0.839;0.168;apical
Rangiroa_3;20;2486;0.773;0.212;apical
Rangiroa_3;20;2486;0.709;0.321;apical
Rangiroa_3;20;2486;1.02;0.191;apical
Rangiroa_3;20;2486;0.737;0.238;apical
Rangiroa_3;20;2486;0.715;0.234;apical
Rangiroa_3;20;2486;0.778;0.448;apical
Rangiroa_3;20;2486;0.517;0.247;apical
Rangiroa_3;20;2486;0.619;0.371;basal
Rangiroa_3;20;2486;0.442;0.674;basal
Rangiroa_3;20;2486;0.512;0.485;basal
Rangiroa_3;20;2486;0.555;0.933;basal
Rangiroa_3;20;2486;0.63;0.816;basal
Rangiroa_3;20;2486;0.511;1.15;basal
Rangiroa_3;20;2486;0.503;0.754;basal
Rangiroa_3;20;2486;0.502;0.495;basal
Rangiroa_3;20;2486;0.52;0.626;basal
Rangiroa_3;20;2486;0.526;0.378;basal
Rangiroa_3;20;2484;0.982;0.229;apical
Rangiroa_3;20;2484;0.81;0.258;apical
Rangiroa_3;20;2484;0.508;0.238;apical
Rangiroa_3;20;2484;0.665;0.447;apical
Rangiroa_3;20;2484;0.913;0.212;apical
Rangiroa_3;20;2484;0.726;0.287;apical
Rangiroa_3;20;2484;0.917;0.43;apical
Rangiroa_3;20;2484;0.703;0.326;apical
Rangiroa_3;20;2484;0.871;0.446;apical
Rangiroa_3;20;2484;0.761;0.212;apical
Rangiroa_3;20;2484;1.03;0.636;basal
Rangiroa_3;20;2484;1.07;0.723;basal
Rangiroa_3;20;2484;0.822;0.984;basal
Rangiroa_3;20;2484;0.66;1.13;basal
Rangiroa_3;20;2484;0.492;0.663;basal
Rangiroa_3;20;2484;0.789;0.719;basal
Rangiroa_3;20;2484;0.871;0.702;basal
Rangiroa_3;20;2484;0.934;0.64;basal
Rangiroa_3;20;2484;0.855;0.854;basal
Rangiroa_3;20;2484;0.486;0.743;basal
Moorea_2;20;111;0.707;0.15;apical
Moorea_2;20;111;0.693;0.442;apical
Moorea_2;20;111;0.616;0.321;apical
Moorea_2;20;111;0.615;0.185;apical
Moorea_2;20;111;0.54;0.373;apical
Moorea_2;20;111;0.59;0.119;apical
Moorea_2;20;111;0.795;0.129;apical
Moorea_2;20;111;0.536;0.225;apical
Moorea_2;20;111;0.677;0.221;apical
Moorea_2;20;111;0.644;0.268;apical
Moorea_2;20;111;0.645;0.27;basal
Moorea_2;20;111;0.545;0.66;basal
Moorea_2;20;111;0.803;0.366;basal
Moorea_2;20;111;0.624;0.335;basal
Moorea_2;20;111;0.623;0.347;basal
Moorea_2;20;111;0.512;0.351;basal
Moorea_2;20;111;0.571;0.486;basal
Moorea_2;20;111;0.568;0.377;basal
Moorea_2;20;111;0.658;0.206;basal
Moorea_2;20;111;0.537;0.369;basal
Moorea_2;20;113;0.733;0.256;apical
Moorea_2;20;113;0.594;0.372;apical
Moorea_2;20;113;0.805;0.251;apical
Moorea_2;20;113;0.772;0.129;apical
Moorea_2;20;113;0.657;0.315;apical
Moorea_2;20;113;0.595;0.318;apical
Moorea_2;20;113;0.672;0.188;apical
Moorea_2;20;113;0.677;0.369;apical
Moorea_2;20;113;0.455;0.161;apical
Moorea_2;20;113;0.537;0.185;apical
Moorea_2;20;113;0.596;0.549;basal
Moorea_2;20;113;0.614;0.6;basal
Moorea_2;20;113;0.684;0.461;basal
Moorea_2;20;113;0.644;0.497;basal
Moorea_2;20;113;0.689;0.518;basal
Moorea_2;20;113;0.786;0.935;basal
Moorea_2;20;113;0.692;0.843;basal
Moorea_2;20;113;0.758;0.783;basal
Moorea_2;20;113;0.688;1.04;basal
Moorea_2;20;113;0.769;0.616;basal
Moorea_2;20;100;0.603;0.267;apical
Moorea_2;20;100;0.755;0.213;apical
Moorea_2;20;100;0.716;0.206;apical
Moorea_2;20;100;0.743;0.201;apical
Moorea_2;20;100;0.589;0.218;apical
Moorea_2;20;100;0.859;0.222;apical
Moorea_2;20;100;0.591;0.213;apical
Moorea_2;20;100;0.855;0.272;apical
Moorea_2;20;100;0.574;0.304;apical
Moorea_2;20;100;0.752;0.227;apical
Moorea_2;20;100;0.592;0.937;basal
Moorea_2;20;100;0.464;0.741;basal
Moorea_2;20;100;0.61;0.716;basal
Moorea_2;20;100;0.605;0.984;basal
Moorea_2;20;100;0.578;1.53;basal
Moorea_2;20;100;0.563;1.23;basal
Moorea_2;20;100;0.52;0.736;basal
Moorea_2;20;100;0.647;0.983;basal
Moorea_2;20;100;0.541;0.419;basal
Moorea_2;20;100;0.708;1.2;basal
Moorea_2;20;102;1.03;0.263;apical
Moorea_2;20;102;0.518;0.222;apical
Moorea_2;20;102;0.893;0.295;apical
Moorea_2;20;102;1.07;0.202;apical
Moorea_2;20;102;0.73;0.347;apical
Moorea_2;20;102;0.615;0.307;apical
Moorea_2;20;102;0.925;0.279;apical
Moorea_2;20;102;0.605;0.266;apical
Moorea_2;20;102;0.883;0.185;apical
Moorea_2;20;102;0.615;0.205;apical
Moorea_2;20;102;0.66;0.434;basal
Moorea_2;20;102;0.517;0.303;basal
Moorea_2;20;102;0.443;0.723;basal
Moorea_2;20;102;0.595;0.526;basal
Moorea_2;20;102;0.545;0.759;basal
Moorea_2;20;102;0.462;0.523;basal
Moorea_2;20;102;0.575;0.575;basal
Moorea_2;20;102;0.634;0.844;basal
Moorea_2;20;102;0.603;0.861;basal
Moorea_2;20;102;0.806;0.647;basal
Moorea_2;20;112;0.573;0.183;apical
Moorea_2;20;112;1;0.238;apical
Moorea_2;20;112;0.718;0.303;apical
Moorea_2;20;112;0.717;0.255;apical
Moorea_2;20;112;0.489;0.252;apical
Moorea_2;20;112;0.78;0.332;apical
Moorea_2;20;112;0.746;0.26;apical
Moorea_2;20;112;0.53;0.305;apical
Moorea_2;20;112;0.584;0.253;apical
Moorea_2;20;112;0.661;0.23;apical
Moorea_2;20;112;0.576;0.358;basal
Moorea_2;20;112;0.57;1.17;basal
Moorea_2;20;112;0.577;0.64;basal
Moorea_2;20;112;0.569;0.522;basal
Moorea_2;20;112;0.512;0.697;basal
Moorea_2;20;112;0.542;0.997;basal
Moorea_2;20;112;0.428;1.29;basal
Moorea_2;20;112;0.483;0.777;basal
Moorea_2;20;112;0.514;0.497;basal
Moorea_2;20;112;0.686;0.553;basal
Moorea_2;20;110;0.803;0.175;apical
Moorea_2;20;110;0.789;0.351;apical
Moorea_2;20;110;0.792;0.238;apical
Moorea_2;20;110;0.887;0.18;apical
Moorea_2;20;110;0.88;0.201;apical
Moorea_2;20;110;0.821;0.162;apical
Moorea_2;20;110;0.902;0.284;apical
Moorea_2;20;110;1.04;0.22;apical
Moorea_2;20;110;1.15;0.168;apical
Moorea_2;20;110;1.14;0.249;apical
Moorea_2;20;110;0.648;0.765;basal
Moorea_2;20;110;0.744;0.613;basal
Moorea_2;20;110;0.742;0.551;basal
Moorea_2;20;110;0.869;0.725;basal
Moorea_2;20;110;0.786;0.677;basal
Moorea_2;20;110;0.593;1.03;basal
Moorea_2;20;110;0.614;0.626;basal
Moorea_2;20;110;0.51;0.421;basal
Moorea_2;20;110;0.637;0.662;basal
Moorea_2;20;110;0.797;0.497;basal
Moorea_2;20;124;0.923;0.18;apical
Moorea_2;20;124;0.735;0.199;apical
Moorea_2;20;124;1.78;0.209;apical
Moorea_2;20;124;0.942;0.298;apical
Moorea_2;20;124;0.914;0.306;apical
Moorea_2;20;124;0.743;0.25;apical
Moorea_2;20;124;0.749;0.296;apical
Moorea_2;20;124;0.966;0.21;apical
Moorea_2;20;124;0.868;0.208;apical
Moorea_2;20;124;0.928;0.314;apical
Moorea_2;20;124;0.523;0.637;basal
Moorea_2;20;124;0.639;0.652;basal
Moorea_2;20;124;0.639;0.653;basal
Moorea_2;20;124;0.561;0.614;basal
Moorea_2;20;124;0.651;1.04;basal
Moorea_2;20;124;0.643;0.641;basal
Moorea_2;20;124;0.749;0.593;basal
Moorea_2;20;124;0.872;0.795;basal
Moorea_2;20;124;0.588;1.05;basal
Moorea_2;20;124;0.772;0.662;basal
Moorea_2;20;116;0.805;0.227;apical
Moorea_2;20;116;0.733;0.285;apical
Moorea_2;20;116;0.936;0.235;apical
Moorea_2;20;116;0.703;0.226;apical
Moorea_2;20;116;0.727;0.266;apical
Moorea_2;20;116;0.62;0.599;apical
Moorea_2;20;116;0.831;0.206;apical
Moorea_2;20;116;0.761;0.234;apical
Moorea_2;20;116;0.717;0.243;apical
Moorea_2;20;116;0.802;0.224;apical
Moorea_2;20;116;0.47;0.599;basal
Moorea_2;20;116;0.5;0.411;basal
Moorea_2;20;116;0.457;0.55;basal
Moorea_2;20;116;0.604;0.932;basal
Moorea_2;20;116;0.427;0.747;basal
Moorea_2;20;116;0.726;1.16;basal
Moorea_2;20;116;0.498;0.458;basal
Moorea_2;20;116;0.588;0.577;basal
Moorea_2;20;116;0.518;0.606;basal
Moorea_2;20;116;0.651;0.632;basal
Tikehau_2;20;1822;0.413;0.251;apical
Tikehau_2;20;1822;0.8;0.21;apical
Tikehau_2;20;1822;0.39;0.146;apical
Tikehau_2;20;1822;0.617;0.132;apical
Tikehau_2;20;1822;0.594;0.232;apical
Tikehau_2;20;1822;0.733;0.31;apical
Tikehau_2;20;1822;0.767;0.219;apical
Tikehau_2;20;1822;0.711;0.241;apical
Tikehau_2;20;1822;0.989;0.153;apical
Tikehau_2;20;1822;0.65;0.245;apical
Tikehau_2;20;1822;0.677;0.368;basal
Tikehau_2;20;1822;0.674;0.526;basal
Tikehau_2;20;1822;0.682;0.601;basal
Tikehau_2;20;1822;0.694;0.538;basal
Tikehau_2;20;1822;0.717;0.732;basal
Tikehau_2;20;1822;0.56;0.631;basal
Tikehau_2;20;1822;0.534;0.988;basal
Tikehau_2;20;1822;0.692;0.408;basal
Tikehau_2;20;1822;0.509;0.636;basal
Tikehau_2;20;1822;0.618;0.643;basal
Tikehau_2;20;1823;0.628;0.354;apical
Tikehau_2;20;1823;1.12;0.227;apical
Tikehau_2;20;1823;0.741;0.231;apical
Tikehau_2;20;1823;0.674;0.252;apical
Tikehau_2;20;1823;0.752;0.275;apical
Tikehau_2;20;1823;0.743;0.38;apical
Tikehau_2;20;1823;0.497;0.194;apical
Tikehau_2;20;1823;0.872;0.192;apical
Tikehau_2;20;1823;0.841;0.189;apical
Tikehau_2;20;1823;0.758;0.261;apical
Tikehau_2;20;1823;0.544;0.54;basal
Tikehau_2;20;1823;0.447;0.434;basal
Tikehau_2;20;1823;0.519;0.567;basal
Tikehau_2;20;1823;0.457;0.531;basal
Tikehau_2;20;1823;0.412;0.423;basal
Tikehau_2;20;1823;0.457;0.38;basal
Tikehau_2;20;1823;0.496;0.324;basal
Tikehau_2;20;1823;0.425;0.4;basal
Tikehau_2;20;1823;0.491;0.578;basal
Tikehau_2;20;1823;0.418;0.479;basal
Tikehau_2;20;1825;0.596;0.343;apical
Tikehau_2;20;1825;0.776;0.205;apical
Tikehau_2;20;1825;0.619;0.234;apical
Tikehau_2;20;1825;0.951;0.212;apical
Tikehau_2;20;1825;0.819;0.257;apical
Tikehau_2;20;1825;0.85;0.228;apical
Tikehau_2;20;1825;0.661;0.234;apical
Tikehau_2;20;1825;0.725;0.205;apical
Tikehau_2;20;1825;0.834;0.224;apical
Tikehau_2;20;1825;0.754;0.22;apical
Tikehau_2;20;1825;0.444;0.378;basal
Tikehau_2;20;1825;0.549;0.621;basal
Tikehau_2;20;1825;0.457;0.861;basal
Tikehau_2;20;1825;0.502;0.377;basal
Tikehau_2;20;1825;0.656;0.509;basal
Tikehau_2;20;1825;0.614;0.405;basal
Tikehau_2;20;1825;0.49;0.386;basal
Tikehau_2;20;1825;0.496;0.486;basal
Tikehau_2;20;1825;0.475;0.837;basal
Tikehau_2;20;1825;0.562;0.3;basal
Tikehau_2;20;1612;1.02;0.191;apical
Tikehau_2;20;1612;0.771;0.204;apical
Tikehau_2;20;1612;1.05;0.243;apical
Tikehau_2;20;1612;0.597;0.195;apical
Tikehau_2;20;1612;1.13;0.227;apical
Tikehau_2;20;1612;0.718;0.242;apical
Tikehau_2;20;1612;0.724;0.199;apical
Tikehau_2;20;1612;0.731;0.129;apical
Tikehau_2;20;1612;0.851;0.175;apical
Tikehau_2;20;1612;0.972;0.307;apical
Tikehau_2;20;1612;0.531;0.248;basal
Tikehau_2;20;1612;0.581;0.555;basal
Tikehau_2;20;1612;0.556;0.816;basal
Tikehau_2;20;1612;0.557;0.789;basal
Tikehau_2;20;1612;0.531;0.578;basal
Tikehau_2;20;1612;0.558;0.705;basal
Tikehau_2;20;1612;0.614;0.425;basal
Tikehau_2;20;1612;0.435;0.594;basal
Tikehau_2;20;1612;0.51;0.735;basal
Tikehau_2;20;1612;0.625;0.713;basal
Tikehau_2;20;1617;0.898;0.188;apical
Tikehau_2;20;1617;0.769;0.162;apical
Tikehau_2;20;1617;0.876;0.206;apical
Tikehau_2;20;1617;0.845;0.296;apical
Tikehau_2;20;1617;0.861;0.212;apical
Tikehau_2;20;1617;0.842;0.415;apical
Tikehau_2;20;1617;0.527;0.415;apical
Tikehau_2;20;1617;1.05;0.242;apical
Tikehau_2;20;1617;0.928;0.268;apical
Tikehau_2;20;1617;0.755;0.206;apical
Tikehau_2;20;1617;0.552;0.542;basal
Tikehau_2;20;1617;0.712;0.508;basal
Tikehau_2;20;1617;0.68;0.569;basal
Tikehau_2;20;1617;0.575;0.908;basal
Tikehau_2;20;1617;0.55;0.843;basal
Tikehau_2;20;1617;0.621;0.434;basal
Tikehau_2;20;1617;0.478;0.477;basal
Tikehau_2;20;1617;0.635;0.786;basal
Tikehau_2;20;1617;0.584;0.832;basal
Tikehau_2;20;1617;0.527;0.376;basal
Tikehau_2;20;1618;0.962;0.315;apical
Tikehau_2;20;1618;0.737;0.263;apical
Tikehau_2;20;1618;0.876;0.615;apical
Tikehau_2;20;1618;0.761;0.252;apical
Tikehau_2;20;1618;0.888;0.367;apical
Tikehau_2;20;1618;1.13;0.278;apical
Tikehau_2;20;1618;0.984;0.346;apical
Tikehau_2;20;1618;0.822;0.295;apical
Tikehau_2;20;1618;0.819;0.445;apical
Tikehau_2;20;1618;1.01;0.196;apical
Tikehau_2;20;1618;0.8;0.441;basal
Tikehau_2;20;1618;0.59;1.17;basal
Tikehau_2;20;1618;0.601;0.587;basal
Tikehau_2;20;1618;0.702;0.768;basal
Tikehau_2;20;1618;0.619;0.764;basal
Tikehau_2;20;1618;0.741;1.24;basal
Tikehau_2;20;1618;0.642;0.499;basal
Tikehau_2;20;1618;0.731;0.573;basal
Tikehau_2;20;1618;0.603;0.739;basal
Tikehau_2;20;1618;0.753;0.587;basal
Tikehau_2;20;1615;0.792;0.159;apical
Tikehau_2;20;1615;1.02;0.25;apical
Tikehau_2;20;1615;0.862;0.328;apical
Tikehau_2;20;1615;1.02;0.165;apical
Tikehau_2;20;1615;0.811;0.322;apical
Tikehau_2;20;1615;0.879;0.262;apical
Tikehau_2;20;1615;0.746;0.283;apical
Tikehau_2;20;1615;0.978;0.199;apical
Tikehau_2;20;1615;0.871;0.172;apical
Tikehau_2;20;1615;0.851;0.257;apical
Tikehau_2;20;1615;0.629;0.857;basal
Tikehau_2;20;1615;0.528;0.302;basal
Tikehau_2;20;1615;0.522;0.625;basal
Tikehau_2;20;1615;0.712;0.752;basal
Tikehau_2;20;1615;0.574;0.881;basal
Tikehau_2;20;1615;0.622;0.485;basal
Tikehau_2;20;1615;0.582;0.79;basal
Tikehau_2;20;1615;0.551;0.335;basal
Tikehau_2;20;1615;0.673;0.604;basal
Tikehau_2;20;1615;0.811;0.388;basal
Tikehau_2;20;1614;0.617;0.266;apical
Tikehau_2;20;1614;0.607;0.236;apical
Tikehau_2;20;1614;0.687;0.215;apical
Tikehau_2;20;1614;0.555;0.176;apical
Tikehau_2;20;1614;0.671;0.21;apical
Tikehau_2;20;1614;0.688;0.167;apical
Tikehau_2;20;1614;0.739;0.162;apical
Tikehau_2;20;1614;0.866;0.261;apical
Tikehau_2;20;1614;0.786;0.238;apical
Tikehau_2;20;1614;0.624;0.264;apical
Tikehau_2;20;1614;0.412;0.401;basal
Tikehau_2;20;1614;0.475;0.483;basal
Tikehau_2;20;1614;0.486;0.507;basal
Tikehau_2;20;1614;0.593;0.849;basal
Tikehau_2;20;1614;0.52;0.442;basal
Tikehau_2;20;1614;0.542;0.959;basal
Tikehau_2;20;1614;0.512;0.815;basal
Tikehau_2;20;1614;0.48;0.664;basal
Tikehau_2;20;1614;0.449;0.286;basal
Tikehau_2;20;1614;0.514;0.47;basal
Tikehau_2;20;1616;0.843;0.183;apical
Tikehau_2;20;1616;0.903;0.249;apical
Tikehau_2;20;1616;0.636;0.26;apical
Tikehau_2;20;1616;0.795;0.257;apical
Tikehau_2;20;1616;0.831;0.425;apical
Tikehau_2;20;1616;0.843;0.228;apical
Tikehau_2;20;1616;1.02;0.234;apical
Tikehau_2;20;1616;1.18;0.298;apical
Tikehau_2;20;1616;0.885;0.35;apical
Tikehau_2;20;1616;0.844;0.329;apical
Tikehau_2;20;1616;0.485;0.914;basal
Tikehau_2;20;1616;0.483;0.392;basal
Tikehau_2;20;1616;0.723;0.764;basal
Tikehau_2;20;1616;0.639;0.79;basal
Tikehau_2;20;1616;0.517;0.668;basal
Tikehau_2;20;1616;0.544;1.28;basal
Tikehau_2;20;1616;0.519;0.324;basal
Tikehau_2;20;1616;0.543;0.718;basal
Tikehau_2;20;1616;0.456;0.796;basal
Tikehau_2;20;1616;0.695;0.728;basal
Bora_2;20;919;0.778;0.322;apical
Bora_2;20;919;0.681;0.217;apical
Bora_2;20;919;0.685;0.148;apical
Bora_2;20;919;0.737;0.259;apical
Bora_2;20;919;0.678;0.171;apical
Bora_2;20;919;0.667;0.243;apical
Bora_2;20;919;0.939;0.222;apical
Bora_2;20;919;0.88;0.237;apical
Bora_2;20;919;0.611;0.286;apical
Bora_2;20;919;0.806;0.188;apical
Bora_2;20;919;0.414;0.462;basal
Bora_2;20;919;0.372;0.57;basal
Bora_2;20;919;0.457;0.609;basal
Bora_2;20;919;0.515;0.61;basal
Bora_2;20;919;0.451;0.971;basal
Bora_2;20;919;0.537;0.328;basal
Bora_2;20;919;0.377;0.377;basal
Bora_2;20;919;0.668;0.387;basal
Bora_2;20;919;0.52;0.367;basal
Bora_2;20;919;0.517;0.528;basal
Bora_2;20;921;0.706;0.273;apical
Bora_2;20;921;0.645;0.295;apical
Bora_2;20;921;1.31;0.235;apical
Bora_2;20;921;0.591;0.286;apical
Bora_2;20;921;1;0.282;apical
Bora_2;20;921;1.01;0.243;apical
Bora_2;20;921;0.887;0.274;apical
Bora_2;20;921;0.696;0.183;apical
Bora_2;20;921;0.945;0.257;apical
Bora_2;20;921;0.605;0.253;apical
Bora_2;20;921;0.809;0.98;basal
Bora_2;20;921;0.805;0.475;basal
Bora_2;20;921;0.784;0.231;basal
Bora_2;20;921;0.688;0.706;basal
Bora_2;20;921;0.699;0.789;basal
Bora_2;20;921;0.623;0.476;basal
Bora_2;20;921;0.653;0.561;basal
Bora_2;20;921;0.604;0.305;basal
Bora_2;20;921;0.639;0.497;basal
Bora_2;20;921;0.596;0.522;basal
Bora_2;20;923;0.706;0.257;apical
Bora_2;20;923;0.689;0.25;apical
Bora_2;20;923;0.572;0.171;apical
Bora_2;20;923;0.531;0.139;apical
Bora_2;20;923;0.708;0.232;apical
Bora_2;20;923;0.645;0.192;apical
Bora_2;20;923;0.726;0.276;apical
Bora_2;20;923;0.628;0.428;apical
Bora_2;20;923;0.662;0.15;apical
Bora_2;20;923;0.656;0.154;apical
Bora_2;20;923;0.66;0.658;basal
Bora_2;20;923;0.564;0.316;basal
Bora_2;20;923;0.57;0.908;basal
Bora_2;20;923;0.494;0.521;basal
Bora_2;20;923;0.602;0.806;basal
Bora_2;20;923;0.488;0.703;basal
Bora_2;20;923;0.548;0.279;basal
Bora_2;20;923;0.629;0.733;basal
Bora_2;20;923;0.486;0.432;basal
Bora_2;20;923;0.522;0.53;basal
Bora_2;20;924;0.604;0.408;apical
Bora_2;20;924;0.614;0.28;apical
Bora_2;20;924;0.543;0.298;apical
Bora_2;20;924;0.785;0.362;apical
Bora_2;20;924;0.556;0.214;apical
Bora_2;20;924;0.694;0.41;apical
Bora_2;20;924;0.833;0.269;apical
Bora_2;20;924;0.656;0.249;apical
Bora_2;20;924;0.581;0.281;apical
Bora_2;20;924;0.642;0.454;apical
Bora_2;20;924;0.737;1.18;basal
Bora_2;20;924;0.594;0.576;basal
Bora_2;20;924;0.63;0.693;basal
Bora_2;20;924;0.624;0.97;basal
Bora_2;20;924;0.603;0.665;basal
Bora_2;20;924;0.692;0.66;basal
Bora_2;20;924;0.465;0.465;basal
Bora_2;20;924;0.543;0.9;basal
Bora_2;20;924;0.548;0.779;basal
Bora_2;20;924;0.582;0.57;basal
Bora_2;20;925;0.707;0.341;apical
Bora_2;20;925;0.718;0.238;apical
Bora_2;20;925;0.691;0.222;apical
Bora_2;20;925;0.775;0.172;apical
Bora_2;20;925;0.822;0.183;apical
Bora_2;20;925;0.8;0.261;apical
Bora_2;20;925;0.656;0.27;apical
Bora_2;20;925;0.679;0.185;apical
Bora_2;20;925;0.722;0.198;apical
Bora_2;20;925;0.526;0.289;apical
Bora_2;20;925;0.764;0.628;basal
Bora_2;20;925;0.629;0.471;basal
Bora_2;20;925;0.614;0.744;basal
Bora_2;20;925;0.635;0.597;basal
Bora_2;20;925;0.679;0.614;basal
Bora_2;20;925;0.63;0.68;basal
Bora_2;20;925;0.661;0.422;basal
Bora_2;20;925;0.732;0.802;basal
Bora_2;20;925;0.615;0.418;basal
Bora_2;20;925;0.538;0.378;basal
Bora_2;20;926;0.622;0.209;apical
Bora_2;20;926;0.778;0.196;apical
Bora_2;20;926;1;0.235;apical
Bora_2;20;926;0.882;0.398;apical
Bora_2;20;926;0.583;0.241;apical
Bora_2;20;926;0.909;0.282;apical
Bora_2;20;926;0.775;0.238;apical
Bora_2;20;926;0.81;0.28;apical
Bora_2;20;926;0.852;0.344;apical
Bora_2;20;926;0.64;0.219;apical
Bora_2;20;926;0.814;0.684;basal
Bora_2;20;926;0.619;0.319;basal
Bora_2;20;926;0.62;0.534;basal
Bora_2;20;926;0.676;0.436;basal
Bora_2;20;926;0.612;0.253;basal
Bora_2;20;926;0.704;0.865;basal
Bora_2;20;926;0.924;0.538;basal
Bora_2;20;926;0.872;0.482;basal
Bora_2;20;926;0.682;0.702;basal
Bora_2;20;926;0.703;0.685;basal
Bora_2;20;922;1.14;0.239;apical
Bora_2;20;922;0.878;0.289;apical
Bora_2;20;922;0.697;0.193;apical
Bora_2;20;922;0.812;0.276;apical
Bora_2;20;922;0.62;0.211;apical
Bora_2;20;922;0.819;0.21;apical
Bora_2;20;922;0.862;0.22;apical
Bora_2;20;922;0.778;0.176;apical
Bora_2;20;922;0.969;0.243;apical
Bora_2;20;922;0.812;0.171;apical
Bora_2;20;922;0.442;0.984;basal
Bora_2;20;922;0.48;0.565;basal
Bora_2;20;922;0.542;0.369;basal
Bora_2;20;922;0.586;0.617;basal
Bora_2;20;922;0.593;0.43;basal
Bora_2;20;922;0.586;0.642;basal
Bora_2;20;922;0.777;0.578;basal
Bora_2;20;922;0.564;0.844;basal
Bora_2;20;922;0.575;0.98;basal
Bora_2;20;922;0.579;0.742;basal
Moorea_2;20;118;0.879;0.263;apical
Moorea_2;20;118;1.07;0.32;apical
Moorea_2;20;118;1.44;0.402;apical
Moorea_2;20;118;1.02;0.281;apical
Moorea_2;20;118;1.06;0.648;apical
Moorea_2;20;118;0.966;0.233;apical
Moorea_2;20;118;0.955;0.275;apical
Moorea_2;20;118;1.04;0.228;apical
Moorea_2;20;118;1.1;0.307;apical
Moorea_2;20;118;0.975;0.251;apical
Moorea_2;20;118;0.755;0.388;basal
Moorea_2;20;118;0.716;0.569;basal
Moorea_2;20;118;0.605;0.61;basal
Moorea_2;20;118;0.513;0.514;basal
Moorea_2;20;118;0.787;0.702;basal
Moorea_2;20;118;0.792;0.402;basal
Moorea_2;20;118;0.748;0.241;basal
Moorea_2;20;118;0.571;0.882;basal
Moorea_2;20;118;0.76;0.607;basal
Moorea_2;20;118;0.587;1;basal
Moorea_2;40;233;0.77;0.19;apical
Moorea_2;40;233;0.648;0.316;apical
Moorea_2;40;233;0.912;0.316;apical
Moorea_2;40;233;0.713;0.212;apical
Moorea_2;40;233;0.804;0.307;apical
Moorea_2;40;233;0.672;0.25;apical
Moorea_2;40;233;0.661;0.16;apical
Moorea_2;40;233;0.735;0.209;apical
Moorea_2;40;233;0.715;0.241;apical
Moorea_2;40;233;0.685;0.204;apical
Moorea_2;40;233;0.705;0.258;basal
Moorea_2;40;233;0.764;0.343;basal
Moorea_2;40;233;0.546;0.638;basal
Moorea_2;40;233;0.517;0.354;basal
Moorea_2;40;233;0.455;0.243;basal
Moorea_2;40;233;0.528;0.269;basal
Moorea_2;40;233;0.563;0.686;basal
Moorea_2;40;233;0.485;0.248;basal
Moorea_2;40;233;0.576;0.302;basal
Moorea_2;40;233;0.682;0.22;basal
Moorea_2;40;232;0.664;0.364;apical
Moorea_2;40;232;0.649;0.139;apical
Moorea_2;40;232;0.723;0.223;apical
Moorea_2;40;232;0.883;0.336;apical
Moorea_2;40;232;0.879;0.203;apical
Moorea_2;40;232;0.862;0.325;apical
Moorea_2;40;232;0.727;0.443;apical
Moorea_2;40;232;0.517;0.537;apical
Moorea_2;40;232;0.583;0.19;apical
Moorea_2;40;232;0.917;0.375;apical
Moorea_2;40;232;0.433;0.502;basal
Moorea_2;40;232;0.671;0.492;basal
Moorea_2;40;232;0.605;0.258;basal
Moorea_2;40;232;0.722;0.293;basal
Moorea_2;40;232;0.578;0.444;basal
Moorea_2;40;232;0.596;0.59;basal
Moorea_2;40;232;0.676;0.234;basal
Moorea_2;40;232;0.672;0.531;basal
Moorea_2;40;232;0.666;0.685;basal
Moorea_2;40;232;0.537;0.863;basal
Tikehau_2;20;1824;0.876;0.112;apical
Tikehau_2;20;1824;1.12;0.178;apical
Tikehau_2;20;1824;0.756;0.137;apical
Tikehau_2;20;1824;0.628;0.119;apical
Tikehau_2;20;1824;0.727;0.188;apical
Tikehau_2;20;1824;0.629;0.153;apical
Tikehau_2;20;1824;0.887;0.173;apical
Tikehau_2;20;1824;0.52;0.176;apical
Tikehau_2;20;1824;0.569;0.201;apical
Tikehau_2;20;1824;0.857;0.206;apical
Tikehau_2;20;1824;0.62;0.547;basal
Tikehau_2;20;1824;0.518;0.417;basal
Tikehau_2;20;1824;0.627;0.641;basal
Tikehau_2;20;1824;0.505;0.519;basal
Tikehau_2;20;1824;0.466;1.02;basal
Tikehau_2;20;1824;0.577;1.13;basal
Tikehau_2;20;1824;0.473;0.471;basal
Tikehau_2;20;1824;0.588;0.744;basal
Tikehau_2;20;1824;0.693;0.755;basal
Tikehau_2;20;1824;0.656;0.781;basal
Tikehau_2;20;1619;0.914;0.153;apical
Tikehau_2;20;1619;0.834;0.364;apical
Tikehau_2;20;1619;0.865;0.162;apical
Tikehau_2;20;1619;1.09;0.459;apical
Tikehau_2;20;1619;0.691;0.152;apical
Tikehau_2;20;1619;0.875;0.185;apical
Tikehau_2;20;1619;0.965;0.187;apical
Tikehau_2;20;1619;0.964;0.256;apical
Tikehau_2;20;1619;1.1;0.208;apical
Tikehau_2;20;1619;0.961;0.325;apical
Tikehau_2;20;1619;0.667;0.929;basal
Tikehau_2;20;1619;0.89;0.945;basal
Tikehau_2;20;1619;0.842;0.733;basal
Tikehau_2;20;1619;0.85;0.678;basal
Tikehau_2;20;1619;0.981;0.737;basal
Tikehau_2;20;1619;0.714;0.466;basal
Tikehau_2;20;1619;1.07;0.496;basal
Tikehau_2;20;1619;0.564;0.844;basal
Tikehau_2;20;1619;0.891;0.932;basal
Tikehau_2;20;1619;0.733;0.816;basal