"sample";"island";"depth";"archipelago";"site";"Colbar";"A5/A5n";"A1-A1h-A1dl";"C1/C1d/C42.2/C3-C1b-C3cg-C45c-C115k-C1au-C41p";"C42.2/C1/C42g/C42a-C1b-C1az-C1au-C3-C115k-C41p-C115d";"C1/C42.2/C1j-C1b-C3cg-C1au-C3-C45c-C115k";"C42aj-C1cu";"C42.2/C1-C1b-C3-C1au";"C1cd/C1cf-C1-C1cg-C1ch-C1da";"C42.2/C1/C42a/C1b-C1az-C1au-C115d-C3-C1j";"C116-C116af-C116ag-C116q";"C1cd/C1cf-C1-C1cg-C1ce-C1ch";"C15h";"C116";"C1d/C42.2/C1";"C1/C42.2/C3-C1b";"C3fu";"C15/C15m";"C1/C42.2/C1ag-C3cg-C1b-C1bi-C3cw-C45c";"C116/C42.2-C1-C116q";"C21-C21u-C3-C21w-C21v";"C3";"C42a/C1/C42.2/C1b/C3-C1au";"C3/C21/C3av-C3at-C3b-C3dp";"C1/C42.2/C1d/C3cg-C1b-C3-C45c-C115k-C1au";"C1/C3";"D1-D6-D4-D2d-D2.2-D1h-D2f";"D1/D4-D6-D1h-D2g-D2d-D2.2";"D1-D6-D4-D1h-D2g";"D1-D4-D4c-D6-D1c";"D1/D6/D4-D2d-D1h-D2.2";"G3a-G3ai-G3ae"
"POC6209";"SOCTAH";"6";"Society";"SOCTAH1";"c1";0;0;23516;0;0;0;0;0;0;0;0;0;0;0;0;0;0;0;0;0;0;0;0;0;0;0;0;0;0;0;0
"POC6215";"SOCTAH";"6";"Society";"SOCTAH1";"c6";0;0;17955;0;0;0;0;0;0;0;0;0;0;0;0;0;0;0;0;0;0;0;0;0;0;0;0;0;0;0;0
"POC6392";"SOCTAH";"6";"Society";"SOCTAH2";"c4";0;0;95743;0;0;0;0;0;0;0;0;0;0;0;0;0;0;0;0;0;0;0;0;0;0;0;0;0;0;0;0
"POC6390";"SOCTAH";"6";"Society";"SOCTAH2";"c2";0;0;45872;0;0;0;0;0;0;0;0;0;0;0;0;0;0;0;0;0;0;0;0;0;0;0;0;0;0;0;0
"POC6389";"SOCTAH";"6";"Society";"SOCTAH2";"c1";0;0;83366;0;0;0;0;0;0;0;0;0;0;0;0;0;0;0;0;0;0;0;0;0;0;0;0;0;0;0;0
"POC6036";"SOCMOO";"6";"Society";"SOCMOO1";"c1";0;0;22982;0;0;0;0;0;0;0;0;0;0;0;0;0;0;0;0;0;0;0;0;0;0;0;0;0;0;0;0
"POC6039";"SOCMOO";"6";"Society";"SOCMOO1";"c4";0;0;14617;0;0;0;0;0;0;0;0;0;0;0;0;0;0;0;0;0;0;0;0;0;0;0;0;0;0;0;0
"POC6391";"SOCTAH";"6";"Society";"SOCTAH2";"c3";0;0;84106;0;0;0;0;0;0;0;0;0;0;0;0;0;0;0;0;0;0;0;0;0;0;0;0;0;0;0;0
"POC6210";"SOCTAH";"6";"Society";"SOCTAH1";"c2";0;0;11842;0;0;0;0;0;0;3225;0;0;0;0;0;0;0;0;0;0;0;0;0;0;0;0;0;0;0;0;0
"POC6396";"SOCTAH";"6";"Society";"SOCTAH2";"c5";0;0;0;99664;0;0;0;0;0;0;0;0;0;0;0;0;0;0;0;0;0;0;0;0;0;0;0;0;0;0;0
"POC6213";"SOCTAH";"6";"Society";"SOCTAH1";"c5";0;0;0;34972;0;0;0;0;0;0;0;0;0;0;0;0;0;0;0;0;0;0;0;0;0;0;0;0;0;0;0
"POC240";"SOCMOO";"6";"Society";"SOCMOO2";"c5";0;0;0;22383;0;0;0;0;0;0;0;0;0;0;0;0;0;0;0;0;0;0;0;0;0;0;0;0;0;0;0
"POC239";"SOCMOO";"6";"Society";"SOCMOO2";"c4";0;0;0;23796;0;0;0;0;0;0;0;0;0;0;0;0;0;0;0;0;0;0;0;0;0;0;0;0;0;0;0
"POC1022";"SOCBOR";"6";"Society";"SOCBOR2";"c4";0;0;0;11617;0;0;0;0;0;0;0;0;0;0;0;0;0;0;0;0;0;0;0;0;0;0;0;0;0;0;0
"POC1025";"SOCBOR";"6";"Society";"SOCBOR2";"c6";0;0;0;734;0;0;0;0;0;0;0;0;0;0;0;0;0;0;0;0;0;0;0;0;0;0;0;0;0;0;0
"POC235";"SOCMOO";"6";"Society";"SOCMOO2";"c1";0;0;0;7224;0;0;0;0;0;0;0;0;0;0;0;0;0;0;0;0;0;0;0;0;0;0;0;0;0;0;0
"POC730";"SOCBOR";"6";"Society";"SOCBOR1";"c6";0;0;0;411;0;0;0;0;0;0;0;0;0;0;0;0;0;0;0;0;0;0;0;0;0;0;0;0;0;0;0
"POC728";"SOCBOR";"6";"Society";"SOCBOR1";"c3";0;0;0;12727;0;0;0;0;0;0;0;0;0;0;0;0;0;0;0;0;0;0;0;0;0;0;0;0;0;0;0
"POC727";"SOCBOR";"6";"Society";"SOCBOR1";"c2";0;0;0;5445;0;0;0;0;0;0;0;0;0;0;0;0;0;0;0;0;0;0;0;0;0;0;0;0;0;0;0
"POC238";"SOCMOO";"6";"Society";"SOCMOO2";"c3";0;0;0;13395;0;0;0;0;0;0;0;0;0;0;0;0;0;0;0;0;0;0;0;0;0;0;0;0;0;0;0
"POC237";"SOCMOO";"6";"Society";"SOCMOO2";"c2";0;0;0;20921;0;0;0;0;0;0;0;0;0;0;0;0;0;0;0;0;0;0;0;0;0;0;0;0;0;0;0
"POC1023";"SOCBOR";"6";"Society";"SOCBOR2";"c5";0;0;0;6431;0;0;0;0;0;0;0;0;0;0;0;0;0;0;0;0;0;0;0;0;0;0;0;0;0;0;0
"POC6040";"SOCMOO";"6";"Society";"SOCMOO1";"c5";0;0;0;18278;0;0;0;0;0;0;0;0;0;0;0;0;0;0;0;0;0;0;0;0;0;0;0;0;0;0;0
"POC6212";"SOCTAH";"6";"Society";"SOCTAH1";"c4";0;0;0;7885;0;0;0;0;0;1319;0;0;0;0;0;0;0;0;0;0;0;0;0;0;0;0;0;0;0;0;0
"POC1019";"SOCBOR";"6";"Society";"SOCBOR2";"c1";0;0;0;3095;0;0;0;0;0;0;0;0;0;0;0;0;0;0;0;0;0;0;0;0;0;0;0;0;0;0;0
"POC6211";"SOCTAH";"6";"Society";"SOCTAH1";"c3";0;0;0;1182;0;0;0;0;0;0;0;0;138;0;0;0;0;0;0;0;0;0;0;0;0;0;0;0;0;0;0
"POC732";"SOCBOR";"6";"Society";"SOCBOR1";"c5";0;0;0;8692;0;0;0;0;0;0;0;1269;0;0;0;0;0;0;0;0;0;0;0;0;0;0;0;0;0;0;0
"POC6038";"SOCMOO";"6";"Society";"SOCMOO1";"c3";0;0;0;0;46962;0;0;0;0;0;0;0;0;0;0;0;0;0;0;0;0;0;0;0;0;0;0;0;0;0;0
"POC729";"SOCBOR";"6";"Society";"SOCBOR1";"c4";0;0;0;0;6124;0;0;0;0;0;0;0;0;0;0;0;0;0;0;0;0;0;0;0;0;0;0;0;0;0;0
"POC6037";"SOCMOO";"6";"Society";"SOCMOO1";"c2";0;0;0;0;30954;0;0;0;0;0;0;0;0;0;0;0;0;0;0;0;0;0;0;0;0;0;0;0;0;0;0
"POC1020";"SOCBOR";"6";"Society";"SOCBOR2";"c2";0;0;0;0;0;0;0;0;1205;0;0;0;0;0;0;0;0;0;0;0;0;0;0;0;0;0;0;0;0;0;0
"POC1021";"SOCBOR";"6";"Society";"SOCBOR2";"c3";0;0;0;0;0;0;0;0;4082;0;0;0;0;0;0;0;0;0;0;0;0;0;0;0;0;0;0;0;0;0;0
"POC726";"SOCBOR";"6";"Society";"SOCBOR1";"c1";0;0;0;0;0;0;0;0;0;0;0;0;0;0;0;0;0;0;2550;0;0;0;0;0;0;0;0;0;0;0;0
"POC5989";"SOCMOO";"20";"Society";"SOCMOO1";"c1";0;0;64111;0;0;0;0;0;0;0;0;0;0;0;0;0;0;0;0;0;0;0;0;0;0;0;0;0;0;0;0
"POC6272";"SOCTAH";"20";"Society";"SOCTAH2";"c3";0;0;13231;0;0;0;0;0;0;0;0;0;0;0;0;0;0;0;0;0;0;0;0;0;0;0;0;0;0;0;0
"POC926";"SOCBOR";"20";"Society";"SOCBOR2";"c8";0;0;428;0;0;0;0;0;0;0;0;0;0;0;0;0;0;0;0;0;0;0;0;0;0;0;0;0;0;0;0
"POC5990";"SOCMOO";"20";"Society";"SOCMOO1";"c2";0;0;50277;0;0;0;0;0;0;0;0;0;0;0;0;0;0;0;0;0;0;0;0;0;0;0;0;0;0;0;0
"POC6271";"SOCTAH";"20";"Society";"SOCTAH2";"c2";0;0;2517;0;0;0;0;0;0;0;0;0;0;0;0;0;0;0;0;0;0;0;0;0;0;0;0;0;0;0;0
"POC6270";"SOCTAH";"20";"Society";"SOCTAH2";"c1";0;0;4096;0;0;0;0;0;0;0;0;0;0;0;0;0;0;0;0;0;0;0;0;0;0;0;0;0;0;0;0
"POC924";"SOCBOR";"20";"Society";"SOCBOR2";"c6";0;0;3085;0;0;0;0;0;0;0;0;0;0;0;0;0;0;0;0;0;0;0;0;0;0;0;0;0;0;0;0
"POC925";"SOCBOR";"20";"Society";"SOCBOR2";"c7";0;0;5664;0;0;0;0;0;0;0;0;0;0;0;0;0;0;0;0;0;0;0;0;0;0;0;0;0;0;0;0
"POC6205";"SOCTAH";"20";"Society";"SOCTAH1";"c5";0;0;17385;0;0;0;0;0;0;0;0;0;0;0;0;0;0;0;0;0;0;0;0;0;0;0;0;0;0;0;0
"POC6274";"SOCTAH";"20";"Society";"SOCTAH2";"c5";0;0;9979;0;0;0;0;0;0;0;0;0;0;0;0;0;0;0;0;0;0;0;0;0;0;0;0;0;0;0;0
"POC6204";"SOCTAH";"20";"Society";"SOCTAH1";"c4";0;0;20611;0;0;0;0;0;0;0;0;0;0;0;0;0;0;0;0;0;0;0;0;0;0;0;0;0;0;0;0
"POC922";"SOCBOR";"20";"Society";"SOCBOR2";"c4";0;0;22927;0;0;0;0;0;0;0;0;0;0;0;0;0;0;0;0;0;0;0;0;0;0;0;0;0;0;0;0
"POC5996";"SOCMOO";"20";"Society";"SOCMOO1";"c6";0;0;64359;0;0;0;0;0;0;0;0;0;0;0;0;0;0;0;0;0;0;0;0;0;0;0;0;0;0;0;0
"POC618";"SOCBOR";"20";"Society";"SOCBOR1";"c2";0;0;21007;0;0;0;0;0;0;0;0;0;0;0;0;0;0;0;0;0;0;0;0;0;0;0;0;0;0;0;0
"POC128";"SOCMOO";"20";"Society";"SOCMOO2";"c8";0;0;36029;0;0;0;0;0;0;0;0;0;0;0;0;0;0;0;0;0;0;0;0;0;0;0;0;0;0;0;0
"POC6201";"SOCTAH";"20";"Society";"SOCTAH1";"c2";0;0;16257;0;0;0;0;0;0;0;0;0;0;0;0;0;0;0;0;0;0;0;0;0;0;0;0;0;0;0;0
"POC6199";"SOCTAH";"20";"Society";"SOCTAH1";"c1";0;0;17837;0;0;0;0;0;0;0;0;0;0;0;0;0;0;0;0;0;0;0;0;0;0;0;0;0;0;0;0
"POC920";"SOCBOR";"20";"Society";"SOCBOR2";"c2";0;0;29904;0;0;0;0;0;0;0;0;0;0;0;0;0;0;0;0;0;0;0;0;0;0;0;0;0;0;0;0
"POC617";"SOCBOR";"20";"Society";"SOCBOR1";"c1";0;0;33150;0;0;0;0;0;0;0;0;0;0;0;0;0;0;0;0;0;0;0;0;0;0;0;0;0;0;0;0
"POC6273";"SOCTAH";"20";"Society";"SOCTAH2";"c4";0;0;7096;0;0;0;0;0;0;0;0;0;0;0;0;0;0;0;0;0;0;0;0;0;0;0;0;0;0;0;0
"POC619";"SOCBOR";"20";"Society";"SOCBOR1";"c3";0;0;19857;0;0;0;0;0;0;0;0;0;0;0;0;0;0;0;0;0;0;0;0;0;0;0;0;0;0;0;0
"POC100";"SOCMOO";"20";"Society";"SOCMOO2";"c1";0;0;33041;0;0;0;0;0;0;0;0;0;0;0;0;0;0;0;0;0;0;0;0;0;0;0;0;0;0;0;0
"POC6203";"SOCTAH";"20";"Society";"SOCTAH1";"c3";0;0;859;0;0;0;0;0;0;0;0;0;0;0;0;0;0;0;0;0;0;0;0;0;0;0;0;0;0;0;0
"POC5991";"SOCMOO";"20";"Society";"SOCMOO1";"c3";0;0;23526;0;0;0;0;0;0;0;0;0;0;0;0;0;0;0;0;0;0;0;0;0;0;0;0;0;0;0;0
"POC921";"SOCBOR";"20";"Society";"SOCBOR2";"c3";0;0;29609;0;0;0;0;0;0;0;0;0;0;0;0;0;0;0;0;0;0;0;0;0;0;0;0;0;0;0;0
"POC620";"SOCBOR";"20";"Society";"SOCBOR1";"c4";0;0;0;35700;0;0;0;0;0;0;0;0;0;0;0;0;0;0;0;0;0;0;0;0;0;0;0;0;0;0;0
"POC923";"SOCBOR";"20";"Society";"SOCBOR2";"c5";0;0;0;2093;0;0;0;0;0;0;0;0;0;0;0;0;0;0;0;0;0;0;0;0;0;0;0;0;0;0;0
"POC622";"SOCBOR";"20";"Society";"SOCBOR1";"c6";0;0;0;7922;0;0;0;0;0;0;0;0;0;0;0;0;0;0;0;0;0;0;0;0;0;0;0;0;0;0;0
"POC111";"SOCMOO";"20";"Society";"SOCMOO2";"c4";0;0;0;13367;0;0;0;0;0;0;0;0;0;0;0;0;0;0;0;0;0;0;0;0;0;0;0;0;0;0;0
"POC110";"SOCMOO";"20";"Society";"SOCMOO2";"c3";0;0;0;0;2811;0;0;0;0;0;0;0;0;0;0;0;0;0;0;0;0;0;0;0;0;0;0;0;0;0;0
"POC5994";"SOCMOO";"20";"Society";"SOCMOO1";"c5";0;0;0;0;31238;0;0;0;0;0;0;0;0;0;0;0;0;0;0;0;0;0;0;0;0;0;0;0;0;0;0
"POC113";"SOCMOO";"20";"Society";"SOCMOO2";"c6";0;0;0;0;2552;0;0;0;0;0;0;0;0;0;0;0;0;0;0;0;0;0;0;0;0;0;0;0;0;0;0
"POC5992";"SOCMOO";"20";"Society";"SOCMOO1";"c4";0;0;0;0;63233;0;0;0;0;0;0;0;0;0;0;0;0;0;0;0;0;0;0;0;0;0;0;0;0;0;0
"POC124";"SOCMOO";"20";"Society";"SOCMOO2";"c7";0;0;0;0;27158;0;0;0;0;0;0;0;0;0;0;0;0;0;0;0;0;0;0;0;0;0;0;0;0;0;0
"POC102";"SOCMOO";"20";"Society";"SOCMOO2";"c2";0;0;0;0;8081;0;0;0;0;0;0;0;0;0;0;0;0;0;0;0;0;0;0;0;0;0;0;0;0;0;0
"POC919";"SOCBOR";"20";"Society";"SOCBOR2";"c1";0;0;0;0;17424;0;0;0;0;0;0;0;0;0;0;0;0;0;0;0;0;0;0;0;0;0;0;0;0;0;0
"POC621";"SOCBOR";"20";"Society";"SOCBOR1";"c5";0;0;0;0;0;0;0;0;4595;0;0;0;0;0;0;0;0;0;0;0;0;0;0;0;0;0;0;0;0;0;0
"POC112";"SOCMOO";"20";"Society";"SOCMOO2";"c5";0;0;2913;0;0;0;0;0;0;0;0;0;0;0;0;0;0;0;0;0;0;0;0;0;0;0;0;0;0;0;6362
"POC6192";"SOCTAH";"40";"Society";"SOCTAH1";"c6";0;0;550;0;0;0;0;0;0;0;0;0;0;0;0;0;0;0;0;0;0;0;0;0;0;0;0;0;0;0;0
"POC140";"SOCMOO";"40";"Society";"SOCMOO2";"c1";0;0;1254;0;0;0;0;0;0;0;0;0;0;0;0;0;0;0;0;0;0;0;0;0;0;0;0;0;0;0;0
"POC749";"SOCBOR";"40";"Society";"SOCBOR1";"c2";0;0;4648;0;0;0;0;0;0;0;0;0;0;0;0;0;0;0;0;0;0;0;0;0;0;0;0;0;0;0;0
"POC6191";"SOCTAH";"40";"Society";"SOCTAH1";"c2";0;0;2365;0;0;0;0;0;0;0;0;0;0;0;0;0;0;0;0;0;0;0;0;0;0;0;0;0;0;0;0
"POC1081";"SOCBOR";"40";"Society";"SOCBOR2";"c1";0;0;40734;0;0;0;0;0;0;0;0;0;0;0;0;0;0;0;0;0;0;0;0;0;0;0;0;0;0;0;0
"POC6033";"SOCMOO";"40";"Society";"SOCMOO1";"c4";0;0;11864;0;0;0;0;0;0;0;0;0;0;0;0;0;0;0;0;0;0;0;0;0;0;0;0;0;0;0;0
"POC1088";"SOCBOR";"40";"Society";"SOCBOR2";"c2";0;0;15859;0;0;0;0;0;0;0;0;0;0;0;0;0;0;0;0;0;0;0;0;0;0;0;0;0;0;0;0
"POC1083";"SOCMOO";"40";"Society";"SOCMOO2";"c3";0;0;54054;0;0;0;0;0;0;0;0;0;0;0;0;0;0;0;0;0;0;0;0;0;0;0;0;0;0;0;0
"POC1085";"SOCMOO";"40";"Society";"SOCMOO2";"c5";0;0;49334;0;0;0;0;0;0;0;0;0;0;0;0;0;0;0;0;0;0;0;0;0;0;0;0;0;0;0;0
"POC844";"SOCBOR";"40";"Society";"SOCBOR1";"c4";0;0;14987;0;0;0;0;0;0;0;0;0;0;0;0;0;0;0;0;0;0;0;0;0;0;0;0;0;0;0;0
"POC1084";"SOCMOO";"40";"Society";"SOCMOO2";"c4";0;0;41873;0;0;0;0;0;0;0;0;0;0;0;0;0;0;0;0;0;0;0;0;0;0;0;0;0;0;0;0
"POC6032";"SOCMOO";"40";"Society";"SOCMOO1";"c3";0;0;33824;0;0;0;0;0;0;0;0;0;0;0;0;0;0;0;0;0;0;0;0;0;0;0;0;0;0;0;0
"POC1086";"SOCMOO";"40";"Society";"SOCMOO2";"c6";0;0;38601;0;0;0;0;0;0;0;0;0;0;0;0;0;0;0;0;0;0;0;0;0;0;0;0;0;0;0;0
"POC828";"SOCBOR";"40";"Society";"SOCBOR1";"c3";0;0;57375;0;0;0;0;0;0;0;0;0;0;0;0;0;0;0;0;0;0;0;0;0;0;0;0;0;0;0;0
"POC1087";"SOCBOR";"40";"Society";"SOCBOR2";"c3";0;0;8284;0;0;0;0;0;0;0;0;0;0;0;0;0;0;0;0;0;0;0;0;0;0;0;0;0;0;0;0
"POC1082";"SOCMOO";"40";"Society";"SOCMOO2";"c2";0;0;18497;0;0;0;0;0;0;0;0;0;0;0;0;0;0;0;0;0;0;0;0;0;0;0;0;0;0;0;0
"POC6035";"SOCMOO";"40";"Society";"SOCMOO1";"c6";0;0;26835;0;0;0;0;0;0;0;0;0;0;0;0;0;0;0;0;0;0;0;0;0;0;0;0;0;0;0;0
"POC172";"SOCMOO";"40";"Society";"SOCMOO2";"c3";0;0;15873;0;0;0;0;0;0;0;0;0;0;0;0;0;0;0;0;0;0;0;0;0;0;0;0;0;0;0;0
"POC6189";"SOCTAH";"40";"Society";"SOCTAH1";"c1";0;0;73665;0;0;0;0;0;0;0;0;0;0;0;0;0;0;0;0;0;0;0;0;0;0;17583;0;0;0;0;0
"POC6195";"SOCTAH";"40";"Society";"SOCTAH1";"c4";0;0;23141;0;0;0;0;0;0;0;0;0;0;0;0;0;0;0;0;0;0;0;0;0;0;12309;0;0;0;0;0
"POC143";"SOCMOO";"40";"Society";"SOCMOO2";"c2";0;0;0;49550;0;0;0;0;0;0;0;0;0;0;0;0;0;0;0;0;0;0;0;0;0;0;0;0;0;0;0
"POC6196";"SOCTAH";"40";"Society";"SOCTAH1";"c5";0;0;0;23811;0;0;0;0;0;0;0;0;0;0;0;0;0;0;0;0;0;0;0;0;0;214;0;0;0;0;0
"POC233";"SOCMOO";"40";"Society";"SOCMOO2";"c5";0;0;0;20588;0;0;0;0;0;0;0;0;0;0;0;0;0;0;0;0;0;0;0;0;0;0;0;0;0;0;0
"POC232";"SOCMOO";"40";"Society";"SOCMOO2";"c4";0;0;0;14137;0;0;0;0;0;0;0;0;0;0;0;0;0;0;0;0;0;0;0;0;0;0;0;0;0;0;0
"POC6030";"SOCMOO";"40";"Society";"SOCMOO1";"c1";0;0;0;0;41377;0;0;0;0;0;0;0;0;0;0;0;0;0;0;0;0;0;0;0;0;0;0;0;0;0;0
"POC6031";"SOCMOO";"40";"Society";"SOCMOO1";"c2";0;0;0;0;23509;0;0;0;0;0;0;0;0;0;0;0;0;0;0;0;0;0;0;0;0;0;0;0;0;0;0
"POC6034";"SOCMOO";"40";"Society";"SOCMOO1";"c5";0;0;0;0;4890;0;0;0;0;0;0;0;0;0;0;0;0;0;0;0;0;0;0;0;0;0;0;0;0;0;0
"POC6193";"SOCTAH";"40";"Society";"SOCTAH1";"c3";0;0;934;0;0;0;0;0;0;0;0;0;0;0;0;0;0;0;0;0;0;0;0;0;0;33234;0;0;0;0;0
"POC748";"SOCBOR";"40";"Society";"SOCBOR1";"c1";0;0;0;0;0;0;0;0;62987;0;0;0;0;0;0;0;0;0;0;0;0;0;0;0;0;2027;0;0;0;0;0
"POC747";"SOCBOR";"40";"Society";"SOCBOR1";"c5";0;0;0;0;0;0;0;0;381;0;0;0;0;0;0;0;0;0;0;0;0;0;0;0;0;0;0;0;0;0;0
"POC163";"SOCMOO";"60";"Society";"SOCMOO2";"c1";0;0;94035;0;0;0;0;0;0;0;0;0;0;0;0;0;0;0;0;0;0;0;0;0;0;0;0;0;0;0;0
"POC166";"SOCMOO";"60";"Society";"SOCMOO2";"c2";0;0;18638;0;0;0;0;0;0;0;0;0;0;0;0;0;0;0;0;0;0;0;0;0;0;0;0;0;0;0;0
"POC1148";"SOCBOR";"60";"Society";"SOCBOR2";"c6";0;0;21363;0;0;0;0;0;0;0;0;0;0;0;0;0;0;0;0;0;0;0;0;0;0;0;0;0;0;0;0
"POC89";"SOCMOO";"60";"Society";"SOCMOO2";"c6";0;0;49682;0;0;0;0;0;0;0;0;0;0;0;0;0;0;0;0;0;0;0;0;0;0;0;0;0;0;0;0
"POC1147";"SOCBOR";"60";"Society";"SOCBOR2";"c5";0;0;9883;0;0;0;0;0;0;0;0;0;0;0;0;0;0;0;0;0;0;0;0;0;0;0;0;0;0;0;0
"POC1144";"SOCBOR";"60";"Society";"SOCBOR2";"c2";0;0;21242;0;0;0;0;0;0;0;0;0;0;0;0;0;0;0;0;0;0;0;0;0;0;0;0;0;0;0;0
"POC1146";"SOCBOR";"60";"Society";"SOCBOR2";"c4";0;0;22623;0;0;0;0;0;0;0;0;0;0;0;0;0;0;0;0;0;0;0;0;0;0;0;0;0;0;0;0
"POC168";"SOCMOO";"60";"Society";"SOCMOO2";"c4";0;0;12875;0;0;0;0;0;0;0;0;0;0;0;0;0;0;0;0;0;0;0;0;0;0;0;0;0;0;0;0
"POC169";"SOCMOO";"60";"Society";"SOCMOO2";"c5";0;0;2588;0;0;0;0;0;0;0;0;0;0;0;0;0;0;0;0;0;0;0;0;0;0;0;0;0;0;0;0
"POC167";"SOCMOO";"60";"Society";"SOCMOO2";"c3";0;0;17658;0;0;0;0;0;0;0;0;0;0;0;0;0;0;0;0;0;0;0;0;0;0;0;0;0;0;0;0
"POC1145";"SOCBOR";"60";"Society";"SOCBOR2";"c3";0;0;32479;0;0;0;0;0;0;0;0;0;0;0;0;0;0;0;0;0;0;0;0;0;0;1476;0;0;0;0;0
"POC1143";"SOCBOR";"60";"Society";"SOCBOR2";"c1";0;0;0;15385;0;0;0;0;0;0;0;0;0;0;0;0;0;0;0;0;0;0;0;0;0;33859;0;0;0;0;0
"POC2599";"TUARAN";"6";"Tuamotu";"TUARAN3";"c6";0;0;821;0;0;0;0;0;0;0;0;0;0;0;0;0;0;0;0;0;0;0;0;0;0;0;0;601;0;0;0
"POC3635";"TUARAR";"6";"Tuamotu";"TUARAR1";"c4";0;0;0;115366;0;0;0;0;0;0;0;0;0;0;0;0;0;0;0;0;0;0;0;0;0;0;0;0;0;0;0
"POC3679";"TUARAR";"6";"Tuamotu";"TUARAR2";"c5";0;0;0;809;0;0;0;0;0;0;0;0;0;0;0;0;0;0;0;0;0;0;0;0;0;0;0;0;0;0;0
"POC3675";"TUARAR";"6";"Tuamotu";"TUARAR2";"c1";0;0;0;9261;0;0;0;0;0;0;0;0;0;0;0;0;0;0;0;0;0;0;0;0;0;0;0;0;0;0;0
"POC5832";"TUAMAK";"6";"Tuamotu";"TUAMAK2";"c3";0;0;0;150569;0;0;0;0;0;0;0;0;0;0;0;0;0;0;0;0;0;0;0;0;0;0;0;0;0;0;0
"POC3636";"TUARAR";"6";"Tuamotu";"TUARAR1";"c5";0;0;0;51082;0;0;0;0;0;0;0;0;0;0;0;0;0;0;0;0;0;0;0;0;0;0;0;0;0;0;0
"POC5521";"TUAMAK";"6";"Tuamotu";"TUAMAK1";"c5";0;0;0;110314;0;0;0;0;0;0;0;0;0;0;0;0;0;0;0;0;0;0;0;0;0;0;0;0;0;0;0
"POC5517";"TUAMAK";"6";"Tuamotu";"TUAMAK1";"c1";0;0;0;60518;0;0;0;0;0;0;0;0;0;0;0;0;0;0;0;0;0;0;0;0;0;0;0;0;0;0;0
"POC5834";"TUAMAK";"6";"Tuamotu";"TUAMAK2";"c5";0;0;0;286645;0;0;0;0;0;0;0;0;0;0;0;0;0;0;0;0;0;0;0;0;0;0;0;0;0;0;0
"POC5522";"TUAMAK";"6";"Tuamotu";"TUAMAK1";"c6";0;0;0;113155;0;0;0;0;0;0;0;0;0;0;0;0;0;0;0;0;0;0;0;0;0;0;0;0;0;0;0
"POC5833";"TUAMAK";"6";"Tuamotu";"TUAMAK2";"c4";0;0;0;103982;0;0;0;0;0;0;0;0;0;0;0;0;0;0;0;0;0;0;0;0;0;0;0;0;0;0;0
"POC5831";"TUAMAK";"6";"Tuamotu";"TUAMAK2";"c2";0;0;0;238721;0;0;0;0;0;0;0;0;0;0;0;0;0;0;0;0;0;0;0;0;0;0;0;0;0;0;0
"POC1771";"TUATIK";"6";"Tuamotu";"TUATIK2";"c2";0;0;0;41644;0;0;0;0;0;0;0;0;0;0;0;0;0;0;0;0;0;0;0;0;0;0;0;0;0;0;0
"POC1535";"TUATIK";"6";"Tuamotu";"TUATIK1";"c4";0;0;0;45860;0;0;0;0;0;0;0;0;0;0;0;0;0;0;0;0;0;0;0;0;0;0;0;0;0;0;0
"POC3634";"TUARAR";"6";"Tuamotu";"TUARAR1";"c3";0;0;0;7931;0;0;0;0;0;0;0;0;0;0;0;0;0;0;0;0;0;0;0;0;0;0;0;0;0;0;0
"POC2596";"TUARAN";"6";"Tuamotu";"TUARAN3";"c3";0;0;0;15230;0;0;0;0;0;0;0;0;0;0;0;0;0;0;0;0;0;0;0;0;0;0;0;0;0;0;0
"POC5835";"TUAMAK";"6";"Tuamotu";"TUAMAK2";"c6";0;0;0;175336;0;0;0;0;0;0;0;0;0;0;0;0;0;0;0;0;0;0;0;0;0;0;0;0;0;0;0
"POC3680";"TUARAR";"6";"Tuamotu";"TUARAR2";"c3";0;0;0;25025;0;0;0;0;0;0;0;0;0;0;0;0;0;0;0;0;0;0;0;0;0;0;0;0;0;0;0
"POC5519";"TUAMAK";"6";"Tuamotu";"TUAMAK1";"c3";0;0;0;70959;0;0;0;0;0;0;0;0;0;0;0;0;0;0;0;0;0;0;0;0;0;0;0;0;0;0;0
"POC1775";"TUATIK";"6";"Tuamotu";"TUATIK2";"c5";0;0;0;62042;0;0;0;0;0;0;0;0;0;0;0;0;0;0;0;0;0;0;0;0;0;0;0;0;0;0;0
"POC2594";"TUARAN";"6";"Tuamotu";"TUARAN3";"c1";0;0;0;3433;0;0;0;0;0;0;0;0;0;0;0;0;0;0;0;0;0;0;0;0;0;0;0;0;0;0;0
"POC5520";"TUAMAK";"6";"Tuamotu";"TUAMAK1";"c4";0;0;0;100881;0;0;0;0;0;0;0;0;0;0;0;0;0;0;0;0;0;0;0;0;0;0;0;0;0;0;0
"POC1536";"TUATIK";"6";"Tuamotu";"TUATIK1";"c5";0;0;0;57040;0;0;0;0;0;0;0;0;0;0;0;0;0;0;0;0;0;0;0;0;0;0;0;0;0;0;0
"POC1778";"TUATIK";"6";"Tuamotu";"TUATIK2";"c6";0;0;0;5258;0;0;0;0;0;0;0;0;0;0;0;0;0;0;0;0;0;0;0;0;0;0;0;0;0;0;0
"POC2276";"TUARAN";"6";"Tuamotu";"TUARAN2";"c5";0;0;0;11321;0;0;0;0;0;0;0;0;0;0;0;0;0;0;0;0;0;0;0;0;0;0;0;0;0;0;0
"POC1769";"TUATIK";"6";"Tuamotu";"TUATIK2";"c1";0;0;0;51238;0;0;0;0;0;0;0;0;0;0;0;0;0;0;0;0;0;0;0;0;0;0;0;0;0;0;0
"POC5518";"TUAMAK";"6";"Tuamotu";"TUAMAK1";"c2";0;0;0;38678;0;0;0;0;0;0;0;0;0;0;0;0;0;0;0;0;0;0;0;0;0;0;0;0;0;0;0
"POC1533";"TUATIK";"6";"Tuamotu";"TUATIK1";"c2";0;0;0;8216;0;0;0;0;0;0;0;0;0;0;0;0;0;0;0;0;0;0;0;0;0;0;0;0;0;0;0
"POC1772";"TUATIK";"6";"Tuamotu";"TUATIK2";"c3";0;0;0;25348;0;0;0;0;0;0;0;0;0;0;0;0;0;0;0;0;0;0;0;0;0;0;0;0;0;0;0
"POC2272";"TUARAN";"6";"Tuamotu";"TUARAN2";"c2";0;0;0;5222;0;0;0;0;0;0;0;0;0;0;0;0;0;0;0;0;0;0;0;0;0;0;0;0;0;0;0
"POC1534";"TUATIK";"6";"Tuamotu";"TUATIK1";"c3";0;0;0;31887;0;0;0;0;0;0;0;0;0;0;0;0;0;0;0;0;0;0;0;0;0;0;0;0;0;0;0
"POC2271";"TUARAN";"6";"Tuamotu";"TUARAN2";"c1";0;0;0;4216;0;0;0;0;0;0;0;0;0;0;0;0;0;0;0;0;0;0;0;0;0;0;0;0;0;0;0
"POC2273";"TUARAN";"6";"Tuamotu";"TUARAN2";"c3";0;0;0;31719;0;0;0;0;0;0;0;0;0;0;0;0;0;0;0;0;0;0;0;0;0;0;0;0;0;0;0
"POC2595";"TUARAN";"6";"Tuamotu";"TUARAN3";"c2";0;0;0;7671;0;0;0;0;0;0;0;0;0;0;0;0;0;0;0;0;0;0;0;0;0;0;0;0;0;0;0
"POC3633";"TUARAR";"6";"Tuamotu";"TUARAR1";"c2";0;0;0;20905;0;0;0;0;0;0;0;0;0;0;0;0;0;0;0;0;0;0;0;0;0;0;0;0;0;0;0
"POC1774";"TUATIK";"6";"Tuamotu";"TUATIK2";"c4";0;0;0;21583;0;0;0;0;0;0;0;0;0;0;0;0;0;0;0;0;0;0;0;0;0;0;0;0;0;0;0
"POC5830";"TUAMAK";"6";"Tuamotu";"TUAMAK2";"c1";0;0;0;62017;0;0;0;0;0;0;0;0;0;0;0;0;0;0;0;0;0;0;0;0;0;0;0;0;0;0;0
"POC3676";"TUARAR";"6";"Tuamotu";"TUARAR2";"c2";0;0;0;5764;0;0;0;0;0;0;0;0;0;0;0;0;0;0;0;0;0;0;0;0;0;0;0;0;0;0;0
"POC2274";"TUARAN";"6";"Tuamotu";"TUARAN2";"c4";0;0;0;1490;0;0;0;0;0;0;0;0;0;0;0;0;0;0;0;0;0;0;0;0;0;0;0;0;0;0;0
"POC3342";"TUARAR";"6";"Tuamotu";"TUARAR1";"c1";0;0;0;11831;0;0;0;0;0;0;0;1759;0;0;0;0;0;0;0;0;0;0;0;0;0;0;0;0;0;0;0
"POC3685";"TUARAR";"6";"Tuamotu";"TUARAR2";"c4";0;0;0;0;20190;0;0;0;0;0;0;0;0;0;0;0;0;0;0;0;0;0;0;0;0;0;0;0;0;0;0
"POC1532";"TUATIK";"6";"Tuamotu";"TUATIK1";"c1";0;0;0;0;2669;0;0;0;0;0;0;0;0;0;0;0;0;0;0;0;0;0;0;0;0;0;0;0;0;0;0
"POC2597";"TUARAN";"6";"Tuamotu";"TUARAN3";"c4";0;0;0;0;0;0;0;0;52839;0;0;0;0;0;0;0;0;0;0;0;0;0;0;0;0;0;0;0;0;0;0
"POC2598";"TUARAN";"6";"Tuamotu";"TUARAN3";"c5";0;0;0;0;0;0;0;0;3846;0;0;0;0;0;0;0;0;0;0;0;0;0;0;0;0;0;0;0;0;0;0
"POC2484";"TUARAN";"20";"Tuamotu";"TUARAN3";"c1";0;0;4799;0;0;0;0;0;0;0;0;0;0;0;0;0;0;0;0;0;0;0;0;0;0;0;0;0;0;0;0
"POC5351";"TUAMAK";"20";"Tuamotu";"TUAMAK1";"c1";0;0;42695;0;0;0;0;0;0;0;0;0;0;0;0;0;0;0;0;0;0;0;0;0;0;0;0;0;0;0;0
"POC5639";"TUAMAK";"20";"Tuamotu";"TUAMAK2";"c4";0;0;63052;0;0;0;0;0;0;0;0;0;0;0;0;0;0;0;0;0;0;0;0;0;0;0;0;0;0;0;0
"POC5356";"TUAMAK";"20";"Tuamotu";"TUAMAK1";"c6";0;0;14410;0;0;0;0;0;0;0;0;0;0;0;0;0;0;0;0;0;0;0;0;0;0;0;0;0;0;0;0
"POC5354";"TUAMAK";"20";"Tuamotu";"TUAMAK1";"c4";0;0;3666;0;0;0;0;0;0;0;0;0;0;0;0;0;0;0;0;0;0;0;0;0;0;0;0;0;0;0;0
"POC5638";"TUAMAK";"20";"Tuamotu";"TUAMAK2";"c3";0;0;47478;0;0;0;0;0;0;0;0;0;0;0;0;0;0;0;0;0;0;0;0;0;0;0;0;0;0;0;0
"POC5641";"TUAMAK";"20";"Tuamotu";"TUAMAK2";"c6";0;0;61045;0;0;0;0;0;0;0;0;0;0;0;0;0;0;0;0;0;0;0;0;0;0;0;0;0;0;0;0
"POC5353";"TUAMAK";"20";"Tuamotu";"TUAMAK1";"c3";0;0;29727;0;0;0;0;0;0;0;0;0;0;0;0;0;0;0;0;0;0;0;0;0;0;0;315;0;0;0;0
"POC5355";"TUAMAK";"20";"Tuamotu";"TUAMAK1";"c5";0;0;5391;0;0;0;0;0;0;0;0;0;0;0;0;0;0;0;0;0;0;0;0;0;0;0;0;0;0;0;0
"POC5637";"TUAMAK";"20";"Tuamotu";"TUAMAK2";"c2";0;0;46374;0;0;0;0;0;0;0;0;0;0;0;0;0;0;0;0;0;0;0;0;0;0;0;0;648;0;0;0
"POC5640";"TUAMAK";"20";"Tuamotu";"TUAMAK2";"c5";0;0;60099;0;0;0;0;0;0;0;0;0;0;0;0;0;0;0;0;0;0;0;0;0;0;0;0;0;0;0;0
"POC1617";"TUATIK";"20";"Tuamotu";"TUATIK2";"c5";0;0;30151;0;0;0;0;0;0;0;0;0;0;0;0;0;0;0;0;0;0;0;0;0;0;0;0;0;0;0;0
"POC3269";"TUARAR";"20";"Tuamotu";"TUARAR1";"c1";0;0;0;138319;0;0;0;0;0;0;0;0;0;0;0;0;0;0;0;0;0;0;0;0;0;0;0;0;0;0;0
"POC3267";"TUARAR";"20";"Tuamotu";"TUARAR1";"c2";0;0;0;108446;0;0;0;0;0;0;0;0;0;0;0;0;0;0;0;0;0;0;0;0;0;0;0;0;0;0;0
"POC2488";"TUARAN";"20";"Tuamotu";"TUARAN3";"c5";0;0;0;11491;0;0;0;0;0;0;0;0;0;0;0;0;0;0;0;0;0;0;0;0;0;0;0;0;0;0;0
"POC3402";"TUARAR";"20";"Tuamotu";"TUARAR2";"c1";0;0;0;428914;0;0;0;0;0;0;0;0;0;0;0;0;0;0;0;0;0;0;0;0;0;1110;0;0;0;0;0
"POC3404";"TUARAR";"20";"Tuamotu";"TUARAR2";"c3";0;0;0;312828;0;0;0;0;0;0;0;0;0;0;0;0;0;0;0;0;0;0;0;0;0;0;0;0;0;0;0
"POC3406";"TUARAR";"20";"Tuamotu";"TUARAR2";"c5";0;0;0;83140;0;0;0;0;0;0;0;0;0;0;0;0;0;0;0;0;0;0;0;0;0;0;0;0;0;0;0
"POC3264";"TUARAR";"20";"Tuamotu";"TUARAR1";"c3";0;0;0;74541;0;0;0;0;0;0;0;0;0;0;0;0;0;0;0;0;0;0;0;0;0;0;0;0;0;0;0
"POC5636";"TUAMAK";"20";"Tuamotu";"TUAMAK2";"c1";0;0;0;85605;0;0;0;0;0;0;0;0;0;0;0;0;0;0;0;0;0;0;0;0;0;0;0;0;0;0;0
"POC2486";"TUARAN";"20";"Tuamotu";"TUARAN3";"c3";0;0;0;43008;0;0;0;0;0;0;0;0;0;0;0;0;0;0;0;0;0;0;0;0;0;685;0;0;0;0;0
"POC1614";"TUATIK";"20";"Tuamotu";"TUATIK2";"c2";0;0;0;40395;0;0;0;0;0;0;0;0;0;0;0;0;0;0;0;0;0;0;0;0;0;0;0;0;0;0;0
"POC5352";"TUAMAK";"20";"Tuamotu";"TUAMAK1";"c2";0;0;0;41848;0;0;0;0;0;0;0;0;0;0;0;0;0;0;0;0;0;0;0;0;0;0;0;0;0;0;0
"POC1618";"TUATIK";"20";"Tuamotu";"TUATIK2";"c6";0;0;0;44621;0;0;0;0;0;0;0;0;0;0;0;0;0;0;0;0;0;0;0;0;0;0;0;0;0;0;0
"POC1564";"TUATIK";"20";"Tuamotu";"TUATIK1";"c2";0;0;0;13166;0;0;0;0;0;0;0;0;0;0;0;0;0;0;0;0;0;0;0;0;0;0;0;0;0;0;0
"POC3403";"TUARAR";"20";"Tuamotu";"TUARAR2";"c2";0;0;0;150432;0;0;0;0;0;0;0;0;0;0;0;0;0;0;0;0;0;0;0;0;0;15362;0;0;0;0;0
"POC2263";"TUARAN";"20";"Tuamotu";"TUARAN2";"c5";0;0;0;1989;0;0;0;0;0;0;0;0;0;0;0;0;0;0;0;0;0;0;0;0;0;0;0;0;0;0;0
"POC2259";"TUARAN";"20";"Tuamotu";"TUARAN2";"c1";0;0;0;7271;0;0;0;0;0;0;0;0;0;0;0;0;0;0;0;0;0;0;0;0;0;0;0;0;0;0;0
"POC3265";"TUARAR";"20";"Tuamotu";"TUARAR1";"c4";0;0;0;55976;0;0;0;0;0;0;0;0;0;0;0;0;0;0;0;0;0;0;0;0;0;0;0;0;0;0;0
"POC1612";"TUATIK";"20";"Tuamotu";"TUATIK2";"c1";0;0;0;12446;0;0;0;0;0;0;0;0;0;0;0;0;0;0;0;0;0;0;0;0;0;0;0;0;0;0;0
"POC1563";"TUATIK";"20";"Tuamotu";"TUATIK1";"c1";0;0;0;39647;0;0;0;0;0;0;0;0;0;0;0;0;0;0;0;0;0;0;0;0;0;13648;0;0;0;0;0
"POC3268";"TUARAR";"20";"Tuamotu";"TUARAR1";"c5";0;0;0;43944;0;0;0;0;0;5736;0;0;0;0;0;0;0;0;0;0;0;0;0;0;0;30747;0;0;0;0;0
"POC2260";"TUARAN";"20";"Tuamotu";"TUARAN2";"c2";0;0;0;0;0;0;184;0;0;0;0;0;0;0;0;0;0;0;0;0;0;0;0;0;0;17468;0;0;0;0;0
"POC2487";"TUARAN";"20";"Tuamotu";"TUARAN3";"c4";0;0;0;0;0;0;381;0;0;0;0;0;0;0;0;0;0;0;0;0;0;0;0;0;0;805;0;0;0;0;0
"POC2485";"TUARAN";"20";"Tuamotu";"TUARAN3";"c2";0;0;0;0;0;0;7024;0;0;0;0;0;0;0;0;0;0;0;0;0;0;0;0;0;0;1215;0;0;0;0;0
"POC2262";"TUARAN";"20";"Tuamotu";"TUARAN2";"c4";0;0;0;0;0;0;20490;0;0;0;0;0;0;0;0;0;0;0;0;0;0;0;0;0;0;0;0;0;0;0;0
"POC2261";"TUARAN";"20";"Tuamotu";"TUARAN2";"c3";0;0;0;0;0;0;5073;0;0;0;0;0;0;0;0;0;0;0;0;0;0;0;0;0;0;0;0;0;0;0;0
"POC1616";"TUATIK";"20";"Tuamotu";"TUATIK2";"c4";0;0;8747;0;0;0;0;0;0;0;0;0;0;0;0;0;0;0;0;0;0;0;0;0;0;0;82215;0;0;0;0
"POC1565";"TUATIK";"20";"Tuamotu";"TUATIK1";"c3";0;0;683;0;0;12;0;0;0;0;0;0;0;0;0;0;0;0;0;0;0;0;0;0;0;0;4862;0;0;0;0
"POC1568";"TUATIK";"20";"Tuamotu";"TUATIK1";"c6";0;0;4665;0;0;0;0;0;0;0;0;0;0;0;0;0;0;0;0;0;0;0;0;0;0;0;16964;0;0;0;0
"POC1566";"TUATIK";"20";"Tuamotu";"TUATIK1";"c4";0;0;36112;0;0;0;0;0;0;0;0;0;0;0;0;0;0;0;0;0;0;0;0;0;0;0;55921;0;0;0;0
"POC3405";"TUARAR";"20";"Tuamotu";"TUARAR2";"c4";0;0;0;0;0;0;0;0;306072;0;0;0;0;0;0;0;0;0;0;0;0;0;0;0;0;0;0;0;0;0;0
"POC1567";"TUATIK";"20";"Tuamotu";"TUATIK1";"c5";0;0;0;0;2233;0;0;0;0;0;0;0;0;0;0;0;0;0;0;0;0;0;0;0;0;0;0;5142;0;0;0
"POC1615";"TUATIK";"20";"Tuamotu";"TUATIK2";"c3";0;0;10950;0;0;0;0;0;0;0;0;0;0;0;0;0;0;0;0;0;0;0;0;0;0;0;0;16493;0;0;0
"POC2483";"TUARAN";"20";"Tuamotu";"TUARAN3";"c93";0;0;0;0;0;0;0;0;0;0;0;0;0;0;286;0;0;0;0;0;0;0;0;0;0;0;0;0;0;0;0
"POC2267";"TUARAN";"20";"Tuamotu";"TUARAN2";"c6";0;0;0;0;0;0;0;0;0;0;0;0;0;0;0;0;0;0;0;0;0;752;0;0;0;0;0;0;0;0;0
"POC1546";"TUATIK";"40";"Tuamotu";"TUATIK1";"c5";0;0;112073;0;0;0;0;0;0;0;0;0;0;0;0;0;0;0;0;0;0;0;0;0;0;0;0;0;0;0;0
"POC2583";"TUARAN";"40";"Tuamotu";"TUARAN3";"c91";0;0;688;0;0;0;0;0;0;0;0;0;0;0;0;0;0;0;0;0;0;0;0;0;0;0;0;0;0;0;0
"POC5501";"TUAMAK";"40";"Tuamotu";"TUAMAK1";"c2";0;0;31480;0;0;0;0;0;0;0;0;0;0;0;0;0;0;0;0;0;0;0;0;0;0;0;0;0;0;0;0
"POC5628";"TUAMAK";"40";"Tuamotu";"TUAMAK2";"c2";0;0;63883;0;0;0;0;0;0;0;0;0;0;0;0;0;0;0;0;0;0;0;0;0;0;0;0;0;0;0;0
"POC5505";"TUAMAK";"40";"Tuamotu";"TUAMAK1";"c6";0;0;35823;0;0;0;0;0;0;0;0;0;0;0;0;0;0;0;0;0;0;0;0;0;0;0;0;0;0;0;0
"POC5627";"TUAMAK";"40";"Tuamotu";"TUAMAK2";"c1";0;0;90279;0;0;0;0;0;0;0;0;0;0;0;0;0;0;0;0;0;0;0;0;0;0;0;0;0;0;0;0
"POC5504";"TUAMAK";"40";"Tuamotu";"TUAMAK1";"c5";0;0;70477;0;0;0;0;0;0;0;0;0;0;0;0;0;0;0;0;0;0;0;0;0;0;0;0;0;0;0;0
"POC5630";"TUAMAK";"40";"Tuamotu";"TUAMAK2";"c4";0;0;56874;0;0;0;0;0;0;0;0;0;0;0;0;0;0;0;0;0;0;0;0;0;0;0;0;0;0;0;0
"POC5500";"TUAMAK";"40";"Tuamotu";"TUAMAK1";"c1";0;0;66998;0;0;0;0;0;0;0;0;0;0;0;0;0;0;0;0;0;0;0;0;0;0;0;0;0;0;0;0
"POC1509";"TUATIK";"40";"Tuamotu";"TUATIK1";"c2";0;0;959;0;0;0;0;0;0;0;0;0;0;0;0;0;0;0;0;0;0;0;0;0;0;0;0;0;0;0;0
"POC5503";"TUAMAK";"40";"Tuamotu";"TUAMAK1";"c4";0;0;52937;0;0;0;0;0;0;0;0;0;0;0;0;0;0;0;0;0;0;0;0;0;0;0;0;0;0;0;0
"POC2221";"TUARAN";"40";"Tuamotu";"TUARAN2";"c1";0;0;4722;0;0;0;0;0;0;0;0;0;0;0;0;0;0;0;0;0;0;0;0;0;0;0;0;0;0;0;0
"POC1859";"TUATIK";"40";"Tuamotu";"TUATIK2";"c2";0;0;28116;0;0;0;0;0;0;0;0;0;0;0;0;0;0;0;0;0;0;0;0;0;0;0;0;0;1633;0;0
"POC1511";"TUATIK";"40";"Tuamotu";"TUATIK1";"c4";0;0;26338;0;0;0;0;0;0;0;0;0;0;0;0;0;0;0;0;0;0;0;0;0;0;0;0;0;0;6956;0
"POC5502";"TUAMAK";"40";"Tuamotu";"TUAMAK1";"c3";0;0;42896;0;0;0;0;0;0;0;0;0;0;0;0;0;0;0;0;0;0;0;0;0;0;16219;0;0;0;0;0
"POC2588";"TUARAN";"40";"Tuamotu";"TUARAN3";"c8";0;0;12328;0;0;0;0;0;0;0;0;0;0;0;0;0;0;0;0;0;0;0;0;0;0;0;0;9071;0;0;0
"POC2243";"TUARAN";"40";"Tuamotu";"TUARAN2";"c5";0;0;1667;0;0;0;0;0;0;0;0;0;0;0;0;0;0;0;0;0;0;0;0;0;0;0;1661;0;0;0;0
"POC3647";"TUARAR";"40";"Tuamotu";"TUARAR2";"c2";0;0;0;48501;0;0;0;0;0;0;0;0;0;0;0;0;0;0;0;0;0;0;0;0;0;0;0;0;0;0;0
"POC3650";"TUARAR";"40";"Tuamotu";"TUARAR2";"c5";0;0;0;62432;0;0;0;0;0;0;0;0;0;0;0;0;0;0;0;0;0;0;0;0;0;456;0;0;0;0;0
"POC3084";"TUARAR";"40";"Tuamotu";"TUARAR1";"c4";0;0;0;46692;0;0;0;0;0;0;0;0;0;0;0;0;0;0;0;0;0;0;0;0;0;0;0;0;0;0;0
"POC3063";"TUARAR";"40";"Tuamotu";"TUARAR1";"c3";0;0;0;23593;0;0;0;0;0;0;0;0;0;0;0;0;0;0;0;0;0;0;0;0;0;0;0;0;0;0;0
"POC5632";"TUAMAK";"40";"Tuamotu";"TUAMAK2";"c6";0;0;0;82156;0;0;0;0;0;0;0;0;0;0;0;0;0;0;0;0;0;0;0;0;0;0;0;0;0;0;0
"POC5631";"TUAMAK";"40";"Tuamotu";"TUAMAK2";"c5";0;0;0;165736;0;0;0;0;0;0;0;0;0;0;0;0;0;0;0;0;0;0;0;0;0;0;0;0;0;0;0
"POC3649";"TUARAR";"40";"Tuamotu";"TUARAR2";"c4";0;0;0;17611;0;0;0;0;0;0;0;0;0;0;0;0;0;0;0;0;0;0;0;0;0;1716;0;0;0;0;0
"POC2587";"TUARAN";"40";"Tuamotu";"TUARAN3";"c7";0;0;0;13487;0;0;0;0;0;0;0;0;0;0;0;0;0;0;0;0;0;0;0;0;0;0;0;0;0;0;0
"POC3061";"TUARAR";"40";"Tuamotu";"TUARAR1";"c1";0;0;0;21482;0;0;0;0;0;0;0;0;0;0;0;0;0;0;0;0;0;0;0;0;0;0;0;0;0;0;0
"POC1856";"TUATIK";"40";"Tuamotu";"TUATIK2";"c1";0;0;0;5566;0;0;0;0;0;0;0;0;0;0;0;0;0;0;0;0;0;0;0;0;0;0;0;0;0;0;0
"POC3648";"TUARAR";"40";"Tuamotu";"TUARAR2";"c3";0;0;0;45443;0;0;0;0;0;0;0;0;0;0;0;0;0;0;0;0;0;0;0;0;0;8067;0;0;0;0;0
"POC1510";"TUATIK";"40";"Tuamotu";"TUATIK1";"c3";0;0;0;13499;0;0;0;0;0;0;0;0;0;0;0;0;0;0;0;0;0;0;0;0;0;0;0;0;0;0;0
"POC1855";"TUATIK";"40";"Tuamotu";"TUATIK2";"c5";0;0;0;0;373;0;0;0;0;0;0;0;0;0;0;0;0;0;0;0;0;0;0;0;0;0;0;0;0;0;0
"POC1508";"TUATIK";"40";"Tuamotu";"TUATIK1";"c1";0;0;0;0;8652;0;0;0;0;0;0;0;0;0;0;0;0;0;0;0;0;0;0;0;0;0;0;0;0;0;0
"POC3086";"TUARAR";"40";"Tuamotu";"TUARAR1";"c6";0;0;0;0;15432;0;0;0;0;0;0;0;0;0;0;0;0;0;0;0;0;0;0;0;0;0;0;0;0;0;0
"POC3395";"TUARAR";"40";"Tuamotu";"TUARAR2";"c1";0;0;0;41146;0;0;0;0;0;0;0;0;0;0;0;0;0;0;0;0;0;0;0;0;0;46870;0;0;0;0;0
"POC2585";"TUARAN";"40";"Tuamotu";"TUARAN3";"c6";0;0;0;0;0;0;0;0;0;0;0;0;0;0;0;0;0;0;0;0;0;0;0;0;0;0;1302;0;0;0;0
"POC1547";"TUATIK";"40";"Tuamotu";"TUATIK1";"c6";0;0;0;0;442;0;0;0;0;0;0;0;0;0;0;0;0;0;0;0;0;0;0;0;0;0;9071;0;0;0;0
"POC2242";"TUARAN";"40";"Tuamotu";"TUARAN2";"c4";0;0;3517;0;0;0;0;0;0;0;0;0;0;0;0;0;57;0;0;0;0;0;0;0;0;0;27755;0;0;0;0
"POC2222";"TUARAN";"40";"Tuamotu";"TUARAN2";"c2";0;0;16635;0;0;0;0;0;0;0;0;0;0;0;0;0;0;0;0;0;0;0;0;0;0;0;53463;0;0;0;0
"POC2223";"TUARAN";"40";"Tuamotu";"TUARAN2";"c3";198;0;17031;0;0;0;0;0;0;0;0;0;0;0;0;0;0;0;0;0;0;0;0;0;0;0;48810;0;0;0;0
"POC2244";"TUARAN";"40";"Tuamotu";"TUARAN2";"c6";0;0;0;0;237;0;0;0;0;0;0;0;0;0;0;0;0;0;0;0;0;0;0;0;0;0;577;0;0;0;0
"POC3062";"TUARAR";"40";"Tuamotu";"TUARAR1";"c2";0;0;0;0;0;0;0;0;110505;0;0;0;0;0;0;0;0;0;0;0;0;0;0;0;0;0;0;0;0;0;0
"POC1862";"TUATIK";"40";"Tuamotu";"TUATIK2";"c4";0;0;0;0;0;0;0;0;11613;0;0;0;0;0;0;0;0;0;0;0;0;0;0;0;0;0;0;0;0;0;0
"POC3085";"TUARAR";"40";"Tuamotu";"TUARAR1";"c5";0;0;0;0;1129;0;0;0;0;0;0;0;0;0;0;0;0;0;0;0;0;0;0;0;0;0;0;16546;0;0;0
"POC1860";"TUATIK";"40";"Tuamotu";"TUATIK2";"c3";0;0;0;0;453;0;0;0;0;0;0;0;0;0;0;0;0;0;0;0;0;0;0;0;0;0;0;3450;0;0;0
"POC5629";"TUAMAK";"40";"Tuamotu";"TUAMAK2";"c3";0;0;0;0;0;0;0;0;0;54226;0;0;0;13791;0;0;0;0;0;0;0;0;0;0;0;0;67541;0;0;0;0
"POC2584";"TUARAN";"40";"Tuamotu";"TUARAN3";"c92";0;0;0;0;0;0;0;0;0;0;0;0;0;178;0;0;0;0;0;0;0;0;0;0;0;0;0;0;0;0;0
"POC3656";"TUARAR";"60";"Tuamotu";"TUARAR2";"c1";190;0;14422;0;0;0;0;0;0;0;0;0;0;0;0;0;0;0;0;0;0;0;0;0;0;0;0;0;0;0;0
"POC3665";"TUARAR";"60";"Tuamotu";"TUARAR2";"c2";0;0;2900;0;0;0;0;0;0;0;0;0;0;0;0;0;0;0;0;0;0;0;0;0;0;0;0;0;0;0;0
"POC5494";"TUAMAK";"60";"Tuamotu";"TUAMAK1";"c5";0;0;32051;0;0;0;0;0;0;0;0;0;0;0;0;0;0;0;0;0;0;0;0;0;0;0;0;0;0;0;0
"POC5493";"TUAMAK";"60";"Tuamotu";"TUAMAK1";"c4";0;0;32983;0;0;0;0;0;0;0;0;0;0;0;0;0;0;0;0;0;0;0;0;0;0;13628;0;0;0;0;0
"POC5492";"TUAMAK";"60";"Tuamotu";"TUAMAK1";"c3";0;0;0;0;25829;0;0;0;0;0;0;0;0;0;0;0;0;0;0;0;0;0;0;0;0;0;0;0;0;0;0
"POC3655";"TUARAR";"60";"Tuamotu";"TUARAR2";"c3";0;0;0;0;10496;0;0;0;0;0;0;0;0;0;0;0;0;0;0;0;0;0;0;0;0;0;0;0;0;0;0
"POC3657";"TUARAR";"60";"Tuamotu";"TUARAR2";"c4";0;0;969;0;0;0;0;0;0;0;0;0;0;0;0;0;0;0;0;0;0;0;0;0;0;40370;0;0;0;0;0
"POC5495";"TUAMAK";"60";"Tuamotu";"TUAMAK1";"c6";0;0;6751;0;0;0;0;0;0;0;0;0;0;0;0;0;0;0;0;0;0;0;0;0;0;49370;0;0;0;0;0
"POC3664";"TUARAR";"60";"Tuamotu";"TUARAR2";"c5";0;0;0;0;0;0;9266;0;0;0;0;0;705;0;0;0;0;0;0;0;0;0;0;0;0;0;0;0;0;0;0
"POC1718-HR07";"TUATIK";"60";"Tuamotu";"TUATIK2";"c2";0;0;0;0;784;0;0;0;0;0;0;0;0;0;0;0;0;0;0;0;0;0;0;0;0;0;33235;0;0;0;0
"POC3663";"TUARAR";"60";"Tuamotu";"TUARAR2";"c6";0;0;4370;0;0;0;0;0;0;0;0;0;0;0;0;0;0;0;0;0;0;0;0;0;0;0;22765;0;0;0;0
"POC5491";"TUAMAK";"60";"Tuamotu";"TUAMAK1";"c2";0;0;0;0;0;0;0;0;70743;0;0;0;0;0;0;0;0;0;0;0;0;0;0;0;0;525;0;0;0;0;0
"POC1718-HR06";"TUATIK";"60";"Tuamotu";"TUATIK2";"c1";0;0;898;0;0;0;0;0;0;0;0;0;0;0;0;0;0;0;0;0;0;0;0;0;0;0;0;23185;0;0;0
"POC5490";"TUAMAK";"60";"Tuamotu";"TUAMAK1";"c1";0;0;0;0;0;0;0;0;0;0;0;0;0;0;0;0;0;0;0;0;0;0;0;0;0;0;0;945;0;0;0
"POC3658";"TUARAR";"60";"Tuamotu";"TUARAR2";"c7";0;0;0;0;0;0;0;0;0;0;0;0;0;0;0;0;0;0;0;0;0;0;0;1364;0;0;0;0;0;0;0
"POC3914";"GAMMAN";"6";"Gambiers";"GAMMAN1";"c3";0;0;0;48969;0;0;0;0;0;0;0;0;0;0;0;0;0;0;0;0;0;0;0;0;0;0;0;0;0;0;0
"POC3916";"GAMMAN";"6";"Gambiers";"GAMMAN1";"c5";0;0;0;44355;0;0;0;0;0;0;0;0;0;0;0;0;0;0;0;0;0;0;0;0;0;0;0;0;0;0;0
"POC3913";"GAMMAN";"6";"Gambiers";"GAMMAN1";"c2";0;0;0;36081;0;0;0;0;0;0;0;0;0;0;0;0;0;0;0;0;0;0;0;0;0;0;0;0;0;0;0
"POC3912";"GAMMAN";"6";"Gambiers";"GAMMAN1";"c1";0;0;0;33504;0;0;0;0;0;0;0;0;0;0;0;0;0;0;0;0;0;0;0;0;0;0;0;0;0;0;0
"POC3917";"GAMMAN";"6";"Gambiers";"GAMMAN1";"c6";0;0;0;0;19006;0;0;0;0;0;0;0;0;0;0;0;0;0;0;0;0;0;0;0;0;0;0;0;0;0;0
"POC3915";"GAMMAN";"6";"Gambiers";"GAMMAN1";"c4";0;0;0;0;0;0;31651;0;0;0;0;8435;0;0;0;0;0;0;0;0;0;0;0;0;0;0;0;0;0;0;0
"POC4755";"GAMMAN";"20";"Gambiers";"GAMMAN2";"c2";0;0;0;0;33000;0;0;0;0;0;0;0;0;0;0;0;0;0;0;0;0;0;0;0;0;0;0;0;0;0;0
"POC4012";"GAMMAN";"20";"Gambiers";"GAMMAN1";"c2";0;0;0;0;13760;0;0;0;0;0;0;0;0;0;0;0;0;0;0;0;0;0;0;0;0;0;0;0;0;0;0
"POC4015";"GAMMAN";"20";"Gambiers";"GAMMAN1";"c4";0;0;0;0;57139;0;0;0;0;0;0;0;0;0;0;0;0;0;0;0;0;0;0;0;0;0;0;0;0;0;0
"POC4756";"GAMMAN";"20";"Gambiers";"GAMMAN2";"c3";0;0;0;0;40485;0;0;0;0;0;0;0;0;0;0;0;0;0;0;0;0;0;0;0;0;0;0;0;0;0;0
"POC4013";"GAMMAN";"20";"Gambiers";"GAMMAN1";"c3";0;0;0;0;97744;0;0;0;0;0;0;0;0;0;0;0;0;0;0;0;0;0;0;0;0;0;0;0;0;0;0
"POC4753";"GAMMAN";"20";"Gambiers";"GAMMAN2";"c1";0;0;0;0;0;0;1647;0;0;0;0;0;0;0;0;0;0;0;0;0;0;0;0;0;0;0;0;0;0;0;0
"POC4757";"GAMMAN";"20";"Gambiers";"GAMMAN2";"c4";0;0;0;0;0;0;27071;0;0;0;0;0;0;0;0;0;0;0;0;0;0;0;0;0;0;0;0;0;0;0;0
"POC4754";"GAMMAN";"20";"Gambiers";"GAMMAN2";"c5";0;0;0;0;0;0;424;0;0;0;0;0;0;0;0;0;0;0;0;0;0;0;0;0;0;0;0;0;0;0;0
"POC4010";"GAMMAN";"20";"Gambiers";"GAMMAN1";"c1";0;0;0;0;0;0;12747;0;0;0;0;0;1226;0;0;0;0;0;0;0;0;0;0;0;0;0;0;0;0;0;0
"POC4014";"GAMMAN";"20";"Gambiers";"GAMMAN1";"c5";0;0;0;0;0;0;440;0;0;0;0;0;0;0;0;0;0;0;0;0;0;0;0;0;0;0;0;0;0;0;0
"POC4264";"GAMMAN";"40";"Gambiers";"GAMMAN2";"c1";431;0;0;0;25826;0;0;0;0;0;0;0;0;0;0;0;0;0;0;0;0;0;0;0;0;0;0;0;0;0;0
"POC4265";"GAMMAN";"40";"Gambiers";"GAMMAN2";"c2";0;0;0;0;0;41824;0;0;0;0;0;0;0;0;0;0;0;0;0;0;0;0;0;0;0;0;0;0;0;0;0
"POC3887";"GAMMAN";"40";"Gambiers";"GAMMAN1";"c6";0;0;0;0;0;19372;0;0;0;0;0;0;0;0;0;0;0;0;0;0;0;0;0;0;0;0;0;0;0;0;0
"POC3883";"GAMMAN";"40";"Gambiers";"GAMMAN1";"c3";0;0;0;0;0;11480;0;0;0;0;0;0;0;0;0;0;0;0;0;0;0;0;0;0;0;0;0;0;0;0;0
"POC3881";"GAMMAN";"40";"Gambiers";"GAMMAN1";"c1";0;0;0;0;0;26364;0;0;0;0;0;0;0;0;0;0;0;0;0;0;0;0;0;0;0;0;0;0;0;0;0
"POC3884";"GAMMAN";"40";"Gambiers";"GAMMAN1";"c4";0;0;0;0;0;10433;0;0;0;0;0;0;0;0;0;0;0;0;0;0;0;0;0;0;0;0;0;0;0;0;0
"POC3885";"GAMMAN";"40";"Gambiers";"GAMMAN1";"c5";292;0;0;0;0;1676;0;0;0;0;0;0;0;0;0;0;0;0;0;0;0;0;0;0;0;0;0;0;0;0;0
"POC3882";"GAMMAN";"40";"Gambiers";"GAMMAN1";"c2";0;0;0;0;0;1461;0;0;0;0;0;0;0;0;218;0;0;0;0;0;0;0;0;0;0;0;0;0;0;0;0
"POC4262";"GAMMAN";"40";"Gambiers";"GAMMAN2";"c3";0;0;0;0;0;0;531;0;0;0;0;0;0;0;0;0;0;0;0;0;0;0;0;0;0;0;0;0;0;0;0
"POC4255";"GAMMAN";"60";"Gambiers";"GAMMAN2";"c5";0;0;0;0;10724;0;0;0;0;0;0;0;0;0;0;0;0;0;0;0;0;0;0;0;0;0;0;0;0;0;0
"POC4254";"GAMMAN";"60";"Gambiers";"GAMMAN2";"c4";0;0;0;0;0;6220;0;0;0;0;0;0;0;0;0;0;0;0;0;0;0;0;0;0;0;0;0;0;0;0;0
"POC3997";"GAMMAN";"60";"Gambiers";"GAMMAN1";"c1";0;0;0;0;0;6127;0;0;0;0;0;0;0;0;0;0;0;0;0;0;0;0;0;0;0;0;0;0;0;0;0
"POC3999";"GAMMAN";"60";"Gambiers";"GAMMAN1";"c3";0;0;0;0;0;6332;0;0;0;0;0;0;0;0;0;0;0;0;0;0;0;0;0;0;0;0;0;0;0;0;0
"POC4000";"GAMMAN";"60";"Gambiers";"GAMMAN1";"c4";0;0;0;0;0;6330;0;0;0;0;0;0;0;0;0;0;0;0;0;0;0;0;0;0;0;0;0;0;0;0;0
"POC4252";"GAMMAN";"60";"Gambiers";"GAMMAN2";"c2";0;0;0;0;0;6768;0;0;0;0;0;0;0;0;0;0;0;0;0;0;0;0;0;0;0;0;0;0;0;0;0
"POC4001";"GAMMAN";"60";"Gambiers";"GAMMAN1";"c5";0;0;0;0;0;3041;0;0;0;0;0;0;0;0;0;0;0;0;0;0;0;0;0;0;0;0;0;0;0;0;0
"POC3998";"GAMMAN";"60";"Gambiers";"GAMMAN1";"c2";0;0;0;0;0;27309;0;0;0;0;0;0;0;0;0;0;0;0;0;0;0;0;0;0;0;0;0;0;0;0;0
"POC4253";"GAMMAN";"60";"Gambiers";"GAMMAN2";"c3";0;0;0;0;0;4557;0;0;0;0;0;0;0;0;0;0;0;0;0;0;0;0;0;0;0;0;0;0;0;0;0
"POC4251";"GAMMAN";"60";"Gambiers";"GAMMAN2";"c1";0;0;0;0;0;4339;0;0;0;0;0;0;0;0;0;0;0;0;0;0;0;0;0;0;0;0;0;0;0;0;0
"POC4895";"GAMMAN";"60";"Gambiers";"GAMMAN1";"c6";0;0;0;0;0;0;0;0;0;0;0;0;0;0;0;0;0;0;0;0;0;0;70390;0;0;0;0;0;0;0;0
"POC5278";"AUSRAI";"6";"Australes";"AUSRAI2";"c3";0;0;0;0;25573;0;0;0;0;0;0;0;0;0;0;0;0;0;0;0;0;0;0;0;0;0;0;0;0;0;0
"POC5277";"AUSRAI";"6";"Australes";"AUSRAI2";"c2";0;0;0;0;57443;0;0;0;0;0;0;0;0;0;0;0;0;0;0;0;0;0;0;0;0;0;0;0;0;0;0
"POC5283";"AUSRAI";"6";"Australes";"AUSRAI2";"c6";0;0;0;0;34631;0;0;0;0;0;0;0;0;0;0;0;0;0;0;0;0;0;0;0;0;0;0;0;0;0;0
"POC5279";"AUSRAI";"6";"Australes";"AUSRAI2";"c4";0;0;0;0;53131;0;0;0;0;0;0;0;0;0;0;0;0;0;0;0;0;0;0;0;0;0;0;0;0;0;0
"POC5281";"AUSRAI";"6";"Australes";"AUSRAI2";"c5";0;0;0;0;34731;0;0;0;0;0;0;0;0;0;0;0;0;0;0;0;0;0;0;0;0;0;0;0;0;0;0
"POC5276";"AUSRAI";"6";"Australes";"AUSRAI2";"c1";0;0;0;0;0;0;0;0;0;0;0;0;0;0;0;0;0;0;0;0;0;0;0;0;0;0;0;0;0;0;0
"POC5150";"AUSRAI";"20";"Australes";"AUSRAI2";"c2";0;0;0;0;0;0;28193;0;0;0;0;0;0;0;0;0;0;0;0;0;0;0;0;0;0;0;0;0;0;0;0
"POC5154";"AUSRAI";"20";"Australes";"AUSRAI2";"c6";0;0;0;0;0;0;13304;0;0;0;0;0;0;0;0;0;0;0;0;0;0;0;0;0;0;0;0;0;0;0;0
"POC5152";"AUSRAI";"20";"Australes";"AUSRAI2";"c4";0;0;0;0;0;0;44944;0;0;0;0;0;0;0;0;0;0;0;0;0;0;0;0;0;0;0;0;0;0;0;0
"POC4922";"AUSRAI";"20";"Australes";"AUSRAI1";"c6";0;0;0;0;0;0;0;61496;0;0;0;0;0;0;0;0;0;0;0;0;0;0;0;0;0;0;0;0;0;0;0
"POC5151";"AUSRAI";"20";"Australes";"AUSRAI2";"c3";0;0;0;0;0;0;0;73035;0;0;0;0;0;0;0;0;0;0;0;0;0;0;0;0;0;0;0;0;0;0;0
"POC4921";"AUSRAI";"20";"Australes";"AUSRAI1";"c5";0;0;0;0;0;0;0;116490;0;0;0;0;0;0;0;0;0;0;0;0;0;0;0;0;0;0;0;0;0;0;0
"POC4920";"AUSRAI";"20";"Australes";"AUSRAI1";"c4";0;0;0;0;0;0;0;53802;0;0;0;0;0;0;0;0;0;0;0;0;0;0;0;0;0;0;0;0;0;0;0
"POC5149";"AUSRAI";"20";"Australes";"AUSRAI2";"c1";0;0;0;0;0;0;0;45573;0;0;0;0;0;0;0;0;0;0;0;0;0;0;0;0;0;0;0;0;0;0;0
"POC4918";"AUSRAI";"20";"Australes";"AUSRAI1";"c2";0;64444;0;0;0;0;0;4728;0;0;0;0;0;0;0;0;0;0;0;0;0;0;0;0;0;0;0;0;0;0;0
"POC4919";"AUSRAI";"20";"Australes";"AUSRAI1";"c3";0;70355;0;0;0;0;0;10234;0;0;0;0;0;0;0;0;0;0;0;0;0;0;0;0;0;0;0;0;0;0;0
"POC4917";"AUSRAI";"20";"Australes";"AUSRAI1";"c1";0;0;0;0;0;0;0;0;0;0;0;0;0;0;0;75084;0;0;0;0;5854;0;0;0;0;0;0;0;0;0;0
"POC5153";"AUSRAI";"20";"Australes";"AUSRAI2";"c5";0;0;0;0;0;0;0;0;0;0;0;0;0;0;0;0;0;68919;0;0;0;0;0;0;0;0;0;0;0;0;0
"POC5142";"AUSRAI";"40";"Australes";"AUSRAI2";"c3";0;0;0;0;0;0;0;79323;0;0;0;0;0;0;0;0;0;0;0;0;0;0;0;0;0;0;0;0;0;0;0
"POC4009";"AUSRAI";"40";"Australes";"AUSRAI1";"c1";0;0;0;0;0;0;0;88462;0;0;0;0;0;0;0;0;0;0;0;0;0;0;0;0;0;0;0;0;0;0;0
"POC4904";"AUSRAI";"40";"Australes";"AUSRAI1";"c2";0;0;0;0;0;0;0;74073;0;0;0;0;0;0;0;0;0;0;0;0;0;0;0;0;0;0;0;0;0;0;0
"POC5146";"AUSRAI";"40";"Australes";"AUSRAI2";"c6";0;0;0;0;0;0;0;139087;0;0;0;0;0;0;0;0;0;0;0;0;0;0;0;0;0;0;0;0;0;0;0
"POC4908";"AUSRAI";"40";"Australes";"AUSRAI1";"c4";0;0;0;0;0;0;0;85628;0;0;0;0;0;0;0;0;0;0;0;0;0;0;0;0;0;0;0;0;0;0;0
"POC4907";"AUSRAI";"40";"Australes";"AUSRAI1";"c3";0;0;0;0;0;0;0;122749;0;0;0;0;0;0;0;0;0;0;0;0;0;0;0;0;0;0;0;0;0;0;0
"POC5141";"AUSRAI";"40";"Australes";"AUSRAI2";"c2";0;0;0;0;0;0;0;60138;0;0;0;0;0;0;0;0;0;0;0;0;0;0;0;0;0;0;0;0;0;0;0
"POC5143";"AUSRAI";"40";"Australes";"AUSRAI2";"c4";0;0;0;0;0;0;0;0;0;0;46934;0;0;0;0;0;0;0;0;0;0;0;0;0;0;0;0;0;0;0;0
"POC5140";"AUSRAI";"40";"Australes";"AUSRAI2";"c1";0;0;0;0;0;0;0;0;0;0;76262;0;0;0;0;0;0;0;0;0;0;0;0;0;0;0;0;0;0;0;0
"POC5144";"AUSRAI";"40";"Australes";"AUSRAI2";"c5";0;0;0;0;0;0;0;0;0;0;0;0;0;0;0;72602;0;0;0;0;0;0;0;0;9341;0;0;0;0;0;0
"POC4899";"AUSRAI";"60";"Australes";"AUSRAI1";"c1";0;0;0;0;0;0;0;38297;0;0;0;0;0;0;0;0;0;0;0;0;0;0;0;0;0;0;0;0;0;0;0
"POC4903";"AUSRAI";"60";"Australes";"AUSRAI1";"c2";0;0;0;0;0;0;0;0;0;0;31527;0;0;0;0;0;0;0;0;0;0;0;0;0;0;0;0;0;0;0;0
